"","X","Referee","Arena","CountPerArena","TotalCount","Lag","AntalMatchPerLag"
"1",1,"Agnes Persson, Ida Reian","Midgårdshallen",1,1,"Umeå City IBF ",1
"2",2,"Agnes Persson, Ida Reian","Midgårdshallen",1,1,"Gimonäs Umeå IF",1
"3",3,"Albin Berglund, Linus Berglund","Elofssonhallen",1,22,"Umeå City IBF",1
"4",4,"Albin Berglund, Linus Berglund","Elofssonhallen",1,22,"Obbola IK",1
"5",5,"Albin Berglund, Linus Berglund","Midgårdshallen",4,22,"Hissjö SK/IBF Dalen",1
"6",6,"Albin Berglund, Linus Berglund","Midgårdshallen",4,22,"Gimonäs Umeå IF",1
"7",7,"Albin Berglund, Linus Berglund","Midgårdshallen",4,22,"Håknäs IF",1
"8",8,"Albin Berglund, Linus Berglund","Midgårdshallen",4,22,"Umeå City IBF ",1
"9",9,"Albin Berglund, Linus Berglund","Midgårdshallen",4,22,"Umeå City IBF",1
"10",10,"Albin Berglund, Linus Berglund","Midgårdshallen",4,22,"Umeå City IBF ",1
"11",11,"Albin Berglund, Linus Berglund","Midgårdshallen",4,22,"Umeå City IBF",1
"12",12,"Albin Berglund, Linus Berglund","Midgårdshallen",4,22,"Umeå City IBF",1
"13",13,"Albin Berglund, Linus Berglund","Storsjöhallen",3,22,"IBF Dalen",1
"14",14,"Albin Berglund, Linus Berglund","Storsjöhallen",3,22,"Umeå City IBF ",1
"15",15,"Albin Berglund, Linus Berglund","Storsjöhallen",3,22,"Umeå City IBF",1
"16",16,"Albin Berglund, Linus Berglund","Storsjöhallen",3,22,"Holmsund City IBC",2
"17",17,"Albin Berglund, Linus Berglund","Storsjöhallen",3,22,"Holmsund City IBC",1
"18",18,"Albin Berglund, Linus Berglund","Sävaråhallen",10,22,"Holmsund City IBC",1
"19",19,"Albin Berglund, Linus Berglund","Sävaråhallen",10,22,"Hissjö SK/IBF Dalen",1
"20",20,"Albin Berglund, Linus Berglund","Sävaråhallen",10,22,"Sävar IK",4
"21",21,"Albin Berglund, Linus Berglund","Sävaråhallen",10,22,"Gimonäs Umeå IF",1
"22",22,"Albin Berglund, Linus Berglund","Sävaråhallen",10,22,"Sävar IK",2
"23",23,"Albin Berglund, Linus Berglund","Sävaråhallen",10,22,"IBF Dalen",1
"24",24,"Albin Berglund, Linus Berglund","Sävaråhallen",10,22,"Umeå City IBF",1
"25",25,"Albin Berglund, Linus Berglund","Sävaråhallen",10,22,"Sävar IK/Täfteå IK",1
"26",26,"Albin Berglund, Linus Berglund","Sävaråhallen",10,22,"IBF Dalen ",1
"27",27,"Albin Berglund, Linus Berglund","Sävaråhallen",10,22,"Sävar IK/Täfteå IK",3
"28",28,"Albin Berglund, Linus Berglund","Sävaråhallen",10,22,"Umeå City IBF",1
"29",29,"Albin Berglund, Linus Berglund","Sävaråhallen",10,22,"Team Thorengruppen SK",1
"30",30,"Albin Berglund, Linus Berglund","Sävaråhallen",10,22,"Vindelns IF",1
"31",31,"Albin Berglund, Linus Berglund","Sävaråhallen",10,22,"IBF Dalen ",1
"32",32,"Albin Berglund, Linus Berglund","Täftehallen",3,22,"Täfteå IK",3
"33",33,"Albin Berglund, Linus Berglund","Täftehallen",3,22,"Gimonäs Umeå IF",1
"34",34,"Albin Berglund, Linus Berglund","Täftehallen",3,22,"Vindelns IF",1
"35",35,"Albin Berglund, Linus Berglund","Täftehallen",3,22,"Sävar IK",1
"36",36,"Albin Berglund, Linus Berglund","Vildmannahallen",1,22,"Holmsund City IBC",1
"37",37,"Albin Berglund, Linus Berglund","Vildmannahallen",1,22,"Sandåkerns SK",1
"38",38,"Albin Carlsten, Isaac Sjunnesson","Anderstorpshallen",1,1,"Bureå IF ",1
"39",39,"Albin Carlsten, Isaac Sjunnesson","Anderstorpshallen",1,1,"Skellefteå IBK ",1
"40",40,"Alexandra Nimrodsson, Hanna Wendén","Elofssonhallen",1,8,"Vindelns IF",1
"41",41,"Alexandra Nimrodsson, Hanna Wendén","Elofssonhallen",1,8,"Umeå City IBF",1
"42",42,"Alexandra Nimrodsson, Hanna Wendén","Sporthallen Musköten",2,8,"Holmsund City IBC",1
"43",43,"Alexandra Nimrodsson, Hanna Wendén","Sporthallen Musköten",2,8,"IBF Dalen",2
"44",44,"Alexandra Nimrodsson, Hanna Wendén","Sporthallen Musköten",2,8,"Umeå City IBF",1
"45",45,"Alexandra Nimrodsson, Hanna Wendén","Storsjöhallen",1,8,"Holmsund City IBC",1
"46",46,"Alexandra Nimrodsson, Hanna Wendén","Storsjöhallen",1,8,"Umeå City IBF",1
"47",47,"Alexandra Nimrodsson, Hanna Wendén","Vildmannahallen",4,8,"Spöland Vännäs IF",1
"48",48,"Alexandra Nimrodsson, Hanna Wendén","Vildmannahallen",4,8,"Team Thorengruppen SK",1
"49",49,"Alexandra Nimrodsson, Hanna Wendén","Vildmannahallen",4,8,"Vindelns IF",2
"50",50,"Alexandra Nimrodsson, Hanna Wendén","Vildmannahallen",4,8,"Umeå City IBF ",1
"51",51,"Alexandra Nimrodsson, Hanna Wendén","Vildmannahallen",4,8,"Gimonäs Umeå IF",1
"52",52,"Alexandra Nimrodsson, Hanna Wendén","Vildmannahallen",4,8,"Hissjö SK/IBF Dalen",1
"53",53,"Alexandra Nimrodsson, Hanna Wendén","Vildmannahallen",4,8,"Täfteå IK",1
"54",54,"Alva Forss, Joel Långström","Midgårdshallen",2,2,"Umeå City IBF ",1
"55",55,"Alva Forss, Joel Långström","Midgårdshallen",2,2,"Gimonäs Umeå IF",1
"56",56,"Alva Forss, Joel Långström","Midgårdshallen",2,2,"Umeå City IBF",1
"57",57,"Alva Forss, Joel Långström","Midgårdshallen",2,2,"Team Thorengruppen SK",1
"58",58,"Alvin Gustavsson, Elias Norden","Balderhallen A",1,4,"Kågedalens AIF ",1
"59",59,"Alvin Gustavsson, Elias Norden","Balderhallen A",1,4,"Skellefteå IBK ",1
"60",60,"Alvin Gustavsson, Elias Norden","Campushallen",1,4,"Skellefteå IBS ",1
"61",61,"Alvin Gustavsson, Elias Norden","Campushallen",1,4,"Kågedalens AIF ",1
"62",62,"Alvin Gustavsson, Elias Norden","Eddahallen",2,4,"Clemensnäs IF ",1
"63",63,"Alvin Gustavsson, Elias Norden","Eddahallen",2,4,"Skellefteå IBK ",1
"64",64,"Alvin Gustavsson, Elias Norden","Eddahallen",2,4,"Gamla Stan IBK ",1
"65",65,"Alvin Gustavsson, Elias Norden","Eddahallen",2,4,"Skellefteå IBK ",1
"66",66,"Alvina Mukkala, Nelly Saari","Hammarhallen Vännäs",3,5,"Umeå City IBF",1
"67",67,"Alvina Mukkala, Nelly Saari","Hammarhallen Vännäs",3,5,"Spöland Vännäs IF",1
"68",68,"Alvina Mukkala, Nelly Saari","Hammarhallen Vännäs",3,5,"Håknäs IF",1
"69",69,"Alvina Mukkala, Nelly Saari","Hammarhallen Vännäs",3,5,"Hörnefors IF",1
"70",70,"Alvina Mukkala, Nelly Saari","Hammarhallen Vännäs",3,5,"Spöland Vännäs IF",2
"71",71,"Alvina Mukkala, Nelly Saari","Täftehallen",1,5,"Täfteå IK",1
"72",72,"Alvina Mukkala, Nelly Saari","Täftehallen",1,5,"Hissjö SK/IBF Dalen",1
"73",73,"Alvina Mukkala, Nelly Saari","Vännäsby Sporthall",1,5,"Gimonäs Umeå IF",1
"74",74,"Alvina Mukkala, Nelly Saari","Vännäsby Sporthall",1,5,"Spöland Vännäs IF",1
"75",75,"Alvina Mukkala, Peter Saari","Hammarhallen Vännäs",1,1,"Spöland Vännäs IF",1
"76",76,"Alvina Mukkala, Peter Saari","Hammarhallen Vännäs",1,1,"Umeå City IBF ",1
"77",77,"Alvina Mukkala, Robert Segerstedt","Sjöfruhallen",1,1,"Team Thorengruppen SK",1
"78",78,"Alvina Mukkala, Robert Segerstedt","Sjöfruhallen",1,1,"Gimonäs Umeå IF",1
"79",79,"Alvina Mukkala, Thanasis Provatas","Sporthallen Musköten",1,1,"IBF Dalen ",1
"80",80,"Alvina Mukkala, Thanasis Provatas","Sporthallen Musköten",1,1,"Holmsund City IBC",1
"81",81,"Anastasia Oberlauf, Morgan Poopuu","Vildmannahallen",1,1,"Holmsund City IBC",1
"82",82,"Anastasia Oberlauf, Morgan Poopuu","Vildmannahallen",1,1,"Team Thorengruppen SK",1
"83",83,"Andreas Eriksson, David Karlsson","Umeå Energi Arena Väst",2,2,"Team Thorengruppen SK",1
"84",84,"Andreas Eriksson, David Karlsson","Umeå Energi Arena Väst",2,2,"Spöland Vännäs IF",1
"85",85,"Andreas Eriksson, David Karlsson","Umeå Energi Arena Väst",2,2,"Umeå City IBF",1
"86",86,"Andreas Eriksson, David Karlsson","Umeå Energi Arena Väst",2,2,"Obbola IK",1
"87",87,"Andreas Eriksson, Kim Fallbjörk","Sjöfruhallen",1,1,"Team Thorengruppen SK",1
"88",88,"Andreas Eriksson, Kim Fallbjörk","Sjöfruhallen",1,1,"Gimonäs Umeå IF ",1
"89",89,"Andreas Eriksson, Louise Ramebäck","Vildmannahallen",3,3,"Vindelns IF",1
"90",90,"Andreas Eriksson, Louise Ramebäck","Vildmannahallen",3,3,"Team Thorengruppen SK",1
"91",91,"Andreas Eriksson, Louise Ramebäck","Vildmannahallen",3,3,"Umeå City IBF ",1
"92",92,"Andreas Eriksson, Louise Ramebäck","Vildmannahallen",3,3,"Umeå City IBF",2
"93",93,"Andreas Eriksson, Louise Ramebäck","Vildmannahallen",3,3,"IBF Dalen ",1
"94",94,"Andreas Eriksson, Manuel Garzon","Sporthallen Musköten",1,1,"Sandåkerns SK",1
"95",95,"Andreas Eriksson, Manuel Garzon","Sporthallen Musköten",1,1,"IBF Dalen",1
"96",96,"Andreas Eriksson, Mattias Karlsson","Vildmannahallen",1,1,"Sävar IK/Täfteå IK",1
"97",97,"Andreas Eriksson, Mattias Karlsson","Vildmannahallen",1,1,"Team Thorengruppen SK",1
"98",98,"Andreas Åström","Balderhallen B",1,5,"Skellefteå IBS ",1
"99",99,"Andreas Åström","Balderhallen B",1,5,"Skellefteå IBS ",1
"100",100,"Andreas Åström","Byske Sporthall",3,5,"Gamla Stan IBK ",1
"101",101,"Andreas Åström","Byske Sporthall",3,5,"Byske IF ",2
"102",102,"Andreas Åström","Byske Sporthall",3,5,"Skellefteå IBK ",1
"103",103,"Andreas Åström","Byske Sporthall",3,5,"Byske IF ",1
"104",104,"Andreas Åström","Byske Sporthall",3,5,"Clemensnäs IF/RIF ",1
"105",105,"Andreas Åström","Örjanshallen",1,5,"Clemensnäs IF ",1
"106",106,"Andreas Åström","Örjanshallen",1,5,"Skellefteå IBK ",1
"107",107,"Anna Andersson, Ulf Stödberg","Bråvallahallen",1,1,"Hörnefors IF",1
"108",108,"Anna Andersson, Ulf Stödberg","Bråvallahallen",1,1,"Täfteå IK",1
"109",109,"Bjarne Andersson, Kent Fagerberg","Sporthushallen",1,1,"Gimonäs Umeå IF ",1
"110",110,"Bjarne Andersson, Kent Fagerberg","Sporthushallen",1,1,"Team Thorengruppen SK",1
"111",111,"Bjarne Andersson, Ulf Stödberg","Ersängshallen",1,2,"Sävar IK/Täfteå IK",1
"112",112,"Bjarne Andersson, Ulf Stödberg","Ersängshallen",1,2,"Ersboda SK",1
"113",113,"Bjarne Andersson, Ulf Stödberg","Umeå Energi Arena Väst",1,2,"Gimonäs Umeå IF",1
"114",114,"Bjarne Andersson, Ulf Stödberg","Umeå Energi Arena Väst",1,2,"Spöland Vännäs IF",1
"115",115,"Björn Glad, Christoffer Lind","Storsjöhallen",1,1,"Ersboda SK",1
"116",116,"Björn Glad, Christoffer Lind","Storsjöhallen",1,1,"Holmsund City IBC",1
"117",117,"Björn Glad, Marcus Glad","Sjöfruhallen",1,8,"Vindelns IF",1
"118",118,"Björn Glad, Marcus Glad","Sjöfruhallen",1,8,"Gimonäs Umeå IF",1
"119",119,"Björn Glad, Marcus Glad","Storsjöhallen",1,8,"Sandåkerns SK",1
"120",120,"Björn Glad, Marcus Glad","Storsjöhallen",1,8,"Holmsund City IBC",1
"121",121,"Björn Glad, Marcus Glad","Sävaråhallen",3,8,"Sävar IK",2
"122",122,"Björn Glad, Marcus Glad","Sävaråhallen",3,8,"Sävar IK/Täfteå IK",1
"123",123,"Björn Glad, Marcus Glad","Sävaråhallen",3,8,"Obbola IK",1
"124",124,"Björn Glad, Marcus Glad","Sävaråhallen",3,8,"Gimonäs Umeå IF",1
"125",125,"Björn Glad, Marcus Glad","Sävaråhallen",3,8,"Ersboda SK",1
"126",126,"Björn Glad, Marcus Glad","Täftehallen",3,8,"Sävar IK",1
"127",127,"Björn Glad, Marcus Glad","Täftehallen",3,8,"Hissjö SK/IBF Dalen",1
"128",128,"Björn Glad, Marcus Glad","Täftehallen",3,8,"Täfteå IK",1
"129",129,"Björn Glad, Marcus Glad","Täftehallen",3,8,"Röbäcks IF",1
"130",130,"Björn Glad, Marcus Glad","Täftehallen",3,8,"Sävar IK/Täfteå IK",1
"131",131,"Björn Glad, Marcus Glad","Täftehallen",3,8,"Umeå City IBF",1
"132",132,"Björn Glad, Mattias Glad","Sävaråhallen",1,1,"Sävar IK",1
"133",133,"Björn Glad, Mattias Glad","Sävaråhallen",1,1,"Täfteå IK",1
"134",134,"Björn Glad, Robert Segerstedt","Olasjöhallen",1,1,"Obbola IK",1
"135",135,"Björn Glad, Robert Segerstedt","Olasjöhallen",1,1,"Team Thorengruppen SK",1
"136",136,"Bobby Hjelte","Byske Sporthall",3,4,"Skellefteå IBK ",1
"137",137,"Bobby Hjelte","Byske Sporthall",3,4,"Gamla Stan IBK ",1
"138",138,"Bobby Hjelte","Byske Sporthall",3,4,"Byske IF ",1
"139",139,"Bobby Hjelte","Byske Sporthall",3,4,"Kågedalens AIF ",1
"140",140,"Bobby Hjelte","Byske Sporthall",3,4,"Byske IF ",2
"141",141,"Bobby Hjelte","Örjanshallen",1,4,"Clemensnäs IF ",1
"142",142,"Bobby Hjelte","Örjanshallen",1,4,"Bureå IF ",1
"143",143,"Bobby Hjelte, Melker Westerberg","Balderhallen A",2,2,"Skellefteå IBS ",1
"144",144,"Bobby Hjelte, Melker Westerberg","Balderhallen A",2,2,"Skellefteå IBS ",1
"145",145,"Bobby Hjelte, Melker Westerberg","Balderhallen A",2,2,"Clemensnäs IF ",1
"146",146,"Bobby Hjelte, Melker Westerberg","Balderhallen A",2,2,"Boliden FFI ",1
"147",147,"Bobby Hjelte, Tim Marklund","Örjanshallen",1,1,"Skellefteå IBS ",1
"148",148,"Bobby Hjelte, Tim Marklund","Örjanshallen",1,1,"Clemensnäs IF ",1
"149",149,"Cajsa Lundkvist, Elin Lustig","Sporthallen Musköten",1,1,"Hissjö SK/IBF Dalen",1
"150",150,"Cajsa Lundkvist, Elin Lustig","Sporthallen Musköten",1,1,"Holmsund City IBC",1
"151",151,"Carl Rosenberg, Isaac Sjunnesson","Balderhallen A",1,1,"Clemensnäs IF ",1
"152",152,"Carl Rosenberg, Isaac Sjunnesson","Balderhallen A",1,1,"Skellefteå IBK ",1
"153",153,"Christoffer Lind","Bråvallahallen",2,9,"Hörnefors IF",2
"154",154,"Christoffer Lind","Bråvallahallen",2,9,"Spöland Vännäs IF",1
"155",155,"Christoffer Lind","Bråvallahallen",2,9,"Umeå City IBF ",1
"156",156,"Christoffer Lind","Elofssonhallen",1,9,"Röbäcks IF",1
"157",157,"Christoffer Lind","Elofssonhallen",1,9,"Täfteå IK",1
"158",158,"Christoffer Lind","Norrskenshallen",5,9,"Holmsund City IBC",1
"159",159,"Christoffer Lind","Norrskenshallen",5,9,"Håknäs IF",4
"160",160,"Christoffer Lind","Norrskenshallen",5,9,"Umeå City IBF ",1
"161",161,"Christoffer Lind","Norrskenshallen",5,9,"Hörnefors IF",1
"162",162,"Christoffer Lind","Norrskenshallen",5,9,"Håknäs IF",1
"163",163,"Christoffer Lind","Norrskenshallen",5,9,"Röbäcks IF",1
"164",164,"Christoffer Lind","Norrskenshallen",5,9,"IBF Dalen",1
"165",165,"Christoffer Lind","Olasjöhallen",1,9,"Spöland Vännäs IF",1
"166",166,"Christoffer Lind","Olasjöhallen",1,9,"Obbola IK",1
"167",167,"Christoffer Lind, Alvina Mukkala","Hammarhallen Vännäs",1,1,"Umeå City IBF ",1
"168",168,"Christoffer Lind, Alvina Mukkala","Hammarhallen Vännäs",1,1,"Spöland Vännäs IF",1
"169",169,"Christoffer Lind, Louise Ramebäck","Sävaråhallen",1,1,"Hörnefors IF",1
"170",170,"Christoffer Lind, Louise Ramebäck","Sävaråhallen",1,1,"Sävar IK",1
"171",171,"Daniel Degerman","Balderhallen A",2,2,"Boliden FFI ",1
"172",172,"Daniel Degerman","Balderhallen A",2,2,"Skellefteå IBS ",1
"173",173,"Daniel Degerman","Balderhallen A",2,2,"Gamla Stan IBK",1
"174",174,"Daniel Degerman","Balderhallen A",2,2,"Clemensnäs IF ",1
"175",175,"Daniel Degerman, Andreas Åström","Balderhallen A",4,4,"Kågedalens AIF ",1
"176",176,"Daniel Degerman, Andreas Åström","Balderhallen A",4,4,"Lövånger/Uttersjöbäcken AIK ",1
"177",177,"Daniel Degerman, Andreas Åström","Balderhallen A",4,4,"Boliden FFI ",1
"178",178,"Daniel Degerman, Andreas Åström","Balderhallen A",4,4,"Skellefteå IBK ",1
"179",179,"Daniel Degerman, Andreas Åström","Balderhallen A",4,4,"Gamla Stan IBK ",2
"180",180,"Daniel Degerman, Andreas Åström","Balderhallen A",4,4,"Skellefteå IBK ",1
"181",181,"Daniel Degerman, Andreas Åström","Balderhallen A",4,4,"Skellefteå IBS ",1
"182",182,"Daniel Degerman, Elias Norden","Balderhallen B",1,1,"Clemensnäs IF/RIF ",1
"183",183,"Daniel Degerman, Elias Norden","Balderhallen B",1,1,"Skellefteå IBK ",1
"184",184,"Daniel Degerman, Jörgen Lundberg","Örjanshallen",1,1,"Clemensnäs IF ",1
"185",185,"Daniel Degerman, Jörgen Lundberg","Örjanshallen",1,1,"Gamla Stan IBK",1
"186",186,"Daniel Degerman, Micael Holmbom","Balderhallen A",1,2,"Clemensnäs IF/RIF ",1
"187",187,"Daniel Degerman, Micael Holmbom","Balderhallen A",1,2,"Skellefteå IBK ",1
"188",188,"Daniel Degerman, Micael Holmbom","Balderhallen B",1,2,"Byske IF ",1
"189",189,"Daniel Degerman, Micael Holmbom","Balderhallen B",1,2,"Kågedalens AIF ",1
"190",190,"Daniel Degerman, Patrik Häggström","Eddahallen",1,1,"Skellefteå IBK ",1
"191",191,"Daniel Degerman, Patrik Häggström","Eddahallen",1,1,"Gamla Stan IBK ",1
"192",192,"David Jonsson, Johan Rönnberg","Eddahallen",1,3,"Skellefteå IBK ",1
"193",193,"David Jonsson, Johan Rönnberg","Eddahallen",1,3,"Rönnskär Railcare IF ",1
"194",194,"David Jonsson, Johan Rönnberg","Örjanshallen",2,3,"Skellefteå IBS ",1
"195",195,"David Jonsson, Johan Rönnberg","Örjanshallen",2,3,"Byske IF ",1
"196",196,"David Jonsson, Johan Rönnberg","Örjanshallen",2,3,"Rönnskär Railcare IF ",1
"197",197,"David Jonsson, Johan Rönnberg","Örjanshallen",2,3,"Clemensnäs IF/RIF ",1
"198",198,"David Karlsson, Christoffer Lind","Sjöfruhallen",2,2,"Täfteå IK",1
"199",199,"David Karlsson, Christoffer Lind","Sjöfruhallen",2,2,"Gimonäs Umeå IF",1
"200",200,"David Karlsson, Christoffer Lind","Sjöfruhallen",2,2,"Gimonäs Umeå IF",1
"201",201,"David Karlsson, Christoffer Lind","Sjöfruhallen",2,2,"Röbäcks IF",1
"202",202,"David Karlsson, Isak Lindeberg Svensson","Umeå Energi Arena Vatten",2,5,"Umeå City IBF",1
"203",203,"David Karlsson, Isak Lindeberg Svensson","Umeå Energi Arena Vatten",2,5,"IBF Dalen",2
"204",204,"David Karlsson, Isak Lindeberg Svensson","Umeå Energi Arena Vatten",2,5,"Holmsund City IBC",1
"205",205,"David Karlsson, Isak Lindeberg Svensson","Vildmannahallen",3,5,"Umeå City IBF",1
"206",206,"David Karlsson, Isak Lindeberg Svensson","Vildmannahallen",3,5,"Sandåkerns SK",1
"207",207,"David Karlsson, Isak Lindeberg Svensson","Vildmannahallen",3,5,"Gimonäs Umeå IF",1
"208",208,"David Karlsson, Isak Lindeberg Svensson","Vildmannahallen",3,5,"Hissjö SK/IBF Dalen",1
"209",209,"David Karlsson, Isak Lindeberg Svensson","Vildmannahallen",3,5,"Hörnefors IF",1
"210",210,"David Karlsson, Isak Lindeberg Svensson","Vildmannahallen",3,5,"Täfteå IK",1
"211",211,"David Karlsson, Mattias Karlsson","FC Vindeln",2,7,"Umeå City IBF",1
"212",212,"David Karlsson, Mattias Karlsson","FC Vindeln",2,7,"Vindelns IF",2
"213",213,"David Karlsson, Mattias Karlsson","FC Vindeln",2,7,"Täfteå IK",1
"214",214,"David Karlsson, Mattias Karlsson","Midgårdshallen",1,7,"Sandåkerns SK",1
"215",215,"David Karlsson, Mattias Karlsson","Midgårdshallen",1,7,"Umeå City IBF",1
"216",216,"David Karlsson, Mattias Karlsson","Sjöfruhallen",1,7,"Gimonäs Umeå IF",1
"217",217,"David Karlsson, Mattias Karlsson","Sjöfruhallen",1,7,"Vindelns IF",1
"218",218,"David Karlsson, Mattias Karlsson","Sporthallen Musköten",1,7,"IBF Dalen ",1
"219",219,"David Karlsson, Mattias Karlsson","Sporthallen Musköten",1,7,"Team Thorengruppen SK",1
"220",220,"David Karlsson, Mattias Karlsson","Storsjöhallen",1,7,"Holmsund City IBC",1
"221",221,"David Karlsson, Mattias Karlsson","Storsjöhallen",1,7,"IBF Dalen ",1
"222",222,"David Karlsson, Mattias Karlsson","Sävaråhallen",1,7,"Sävar IK/Täfteå IK",1
"223",223,"David Karlsson, Mattias Karlsson","Sävaråhallen",1,7,"Holmsund City IBC",1
"224",224,"David Karlsson, Rasmus Säfvenberg","FC Vindeln",1,2,"Vindelns IF",1
"225",225,"David Karlsson, Rasmus Säfvenberg","FC Vindeln",1,2,"Hissjö SK/IBF Dalen",1
"226",226,"David Karlsson, Rasmus Säfvenberg","Sporthallen Musköten",1,2,"Holmsund City IBC",1
"227",227,"David Karlsson, Rasmus Säfvenberg","Sporthallen Musköten",1,2,"IBF Dalen ",1
"228",228,"David Karlsson, Robert Segerstedt","Vildmannahallen",2,2,"Sandåkerns SK",1
"229",229,"David Karlsson, Robert Segerstedt","Vildmannahallen",2,2,"IBF Dalen",1
"230",230,"David Karlsson, Robert Segerstedt","Vildmannahallen",2,2,"Umeå City IBF",2
"231",231,"David Morén","Eddahallen",1,10,"Lövånger/Uttersjöbäcken AIK ",1
"232",232,"David Morén","Eddahallen",1,10,"Skellefteå IBK ",1
"233",233,"David Morén","Lövånger Sporthall",8,10,"Skellefteå IBK ",1
"234",234,"David Morén","Lövånger Sporthall",8,10,"Skellefteå IBK ",1
"235",235,"David Morén","Lövånger Sporthall",8,10,"Lövånger/Uttersjöbäcken AIK ",5
"236",236,"David Morén","Lövånger Sporthall",8,10,"Gamla Stan IBK",1
"237",237,"David Morén","Lövånger Sporthall",8,10,"Skellefteå IBS ",1
"238",238,"David Morén","Lövånger Sporthall",8,10,"Bureå IF ",1
"239",239,"David Morén","Lövånger Sporthall",8,10,"Lövånger/Uttersjöbäcken AIK ",3
"240",240,"David Morén","Lövånger Sporthall",8,10,"Skellefteå IBS ",1
"241",241,"David Morén","Lövånger Sporthall",8,10,"Skellefteå IBK ",1
"242",242,"David Morén","Lövånger Sporthall",8,10,"Clemensnäs IF ",1
"243",243,"David Morén","Örjanshallen",1,10,"Lövånger/Uttersjöbäcken AIK ",1
"244",244,"David Morén","Örjanshallen",1,10,"Bureå IF ",1
"245",245,"David Morén, Andreas Åström","Balderhallen A",1,2,"Skellefteå IBS ",1
"246",246,"David Morén, Andreas Åström","Balderhallen A",1,2,"Skellefteå IBK ",1
"247",247,"David Morén, Andreas Åström","Balderhallen B",1,2,"Gamla Stan IBK ",1
"248",248,"David Morén, Andreas Åström","Balderhallen B",1,2,"Kågedalens AIF ",1
"249",249,"David Morén, Elias Norden","Balderhallen A",1,1,"Skellefteå IBK ",1
"250",250,"David Morén, Elias Norden","Balderhallen A",1,1,"Gamla Stan IBK ",1
"251",251,"David Morén, Johan Rönnberg","Eddahallen",1,1,"Skellefteå IBS ",1
"252",252,"David Morén, Johan Rönnberg","Eddahallen",1,1,"Skellefteå IBK ",1
"253",253,"David Morén, Melker Westerberg","Balderhallen A",1,1,"Skellefteå IBK ",1
"254",254,"David Morén, Melker Westerberg","Balderhallen A",1,1,"Skellefteå IBS ",1
"255",255,"Edvin Bonn, Joel Långström","Midgårdshallen",6,12,"Täfteå IK",1
"256",256,"Edvin Bonn, Joel Långström","Midgårdshallen",6,12,"Team Thorengruppen SK",1
"257",257,"Edvin Bonn, Joel Långström","Midgårdshallen",6,12,"Gimonäs Umeå IF",1
"258",258,"Edvin Bonn, Joel Långström","Midgårdshallen",6,12,"Sandåkerns SK",1
"259",259,"Edvin Bonn, Joel Långström","Midgårdshallen",6,12,"Umeå City IBF ",1
"260",260,"Edvin Bonn, Joel Långström","Midgårdshallen",6,12,"Umeå City IBF",1
"261",261,"Edvin Bonn, Joel Långström","Midgårdshallen",6,12,"Sävar IK",1
"262",262,"Edvin Bonn, Joel Långström","Midgårdshallen",6,12,"Umeå City IBF ",1
"263",263,"Edvin Bonn, Joel Långström","Midgårdshallen",6,12,"Umeå City IBF",1
"264",264,"Edvin Bonn, Joel Långström","Midgårdshallen",6,12,"IBF Dalen",1
"265",265,"Edvin Bonn, Joel Långström","Midgårdshallen",6,12,"Hissjö SK/IBF Dalen",1
"266",266,"Edvin Bonn, Joel Långström","Midgårdshallen",6,12,"Sävar IK",1
"267",267,"Edvin Bonn, Joel Långström","Storsjöhallen",2,12,"Holmsund City IBC",1
"268",268,"Edvin Bonn, Joel Långström","Storsjöhallen",2,12,"Holmsund City IBC",1
"269",269,"Edvin Bonn, Joel Långström","Storsjöhallen",2,12,"Hörnefors IF",1
"270",270,"Edvin Bonn, Joel Långström","Storsjöhallen",2,12,"Umeå City IBF",1
"271",271,"Edvin Bonn, Joel Långström","Täftehallen",1,12,"Gimonäs Umeå IF",1
"272",272,"Edvin Bonn, Joel Långström","Täftehallen",1,12,"Täfteå IK",1
"273",273,"Edvin Bonn, Joel Långström","Umeå Energi Arena Väst",1,12,"Sävar IK",1
"274",274,"Edvin Bonn, Joel Långström","Umeå Energi Arena Väst",1,12,"Umeå City IBF ",1
"275",275,"Edvin Bonn, Joel Långström","Vildmannahallen",2,12,"Gimonäs Umeå IF",1
"276",276,"Edvin Bonn, Joel Långström","Vildmannahallen",2,12,"Sävar IK",1
"277",277,"Edvin Bonn, Joel Långström","Vildmannahallen",2,12,"IBF Dalen",1
"278",278,"Edvin Bonn, Joel Långström","Vildmannahallen",2,12,"Gimonäs Umeå IF",1
"279",279,"Ej offentliggjord","Umeå Energi Arena Väst",1,1,"IBF Dalen",1
"280",280,"Ej offentliggjord","Umeå Energi Arena Väst",1,1,"Umeå City IBF ",1
"281",281,"Elias Bark Pettersson, Alvin Gustavsson","Balderhallen B",2,2,"Boliden FFI ",1
"282",282,"Elias Bark Pettersson, Alvin Gustavsson","Balderhallen B",2,2,"Skellefteå IBK ",1
"283",283,"Elias Bark Pettersson, Alvin Gustavsson","Balderhallen B",2,2,"Skellefteå IBK ",1
"284",284,"Elias Bark Pettersson, Alvin Gustavsson","Balderhallen B",2,2,"Skellefteå IBK ",1
"285",285,"Elias Bark Pettersson, Elias Norden","Balderhallen A",2,4,"Skellefteå IBS ",1
"286",286,"Elias Bark Pettersson, Elias Norden","Balderhallen A",2,4,"Lövånger/Uttersjöbäcken AIK ",1
"287",287,"Elias Bark Pettersson, Elias Norden","Balderhallen A",2,4,"Skellefteå IBK ",1
"288",288,"Elias Bark Pettersson, Elias Norden","Balderhallen A",2,4,"Skellefteå IBK ",1
"289",289,"Elias Bark Pettersson, Elias Norden","Lejonströmshallen",2,4,"Kågedalens AIF ",1
"290",290,"Elias Bark Pettersson, Elias Norden","Lejonströmshallen",2,4,"Boliden FFI ",1
"291",291,"Elias Bark Pettersson, Elias Norden","Lejonströmshallen",2,4,"Gamla Stan IBK ",1
"292",292,"Elias Bark Pettersson, Elias Norden","Lejonströmshallen",2,4,"Skellefteå IBS ",1
"293",293,"Elias Bark Pettersson, Isaac Sjunnesson","Balderhallen A",1,1,"Rönnskär Railcare IF ",1
"294",294,"Elias Bark Pettersson, Isaac Sjunnesson","Balderhallen A",1,1,"Skellefteå IBS ",1
"295",295,"Elias Norden","Eddahallen",1,1,"Bureå IF ",1
"296",296,"Elias Norden","Eddahallen",1,1,"Skellefteå IBK ",1
"297",297,"Elliot Johansson, Samuel Sundqvist","Örjanshallen",1,1,"Skellefteå IBK ",1
"298",298,"Elliot Johansson, Samuel Sundqvist","Örjanshallen",1,1,"Rönnskär Railcare IF ",1
"299",299,"Erik Hörnros","FC Vindeln",7,8,"Obbola IK",1
"300",300,"Erik Hörnros","FC Vindeln",7,8,"Hissjö SK/IBF Dalen",1
"301",301,"Erik Hörnros","FC Vindeln",7,8,"Umeå City IBF",1
"302",302,"Erik Hörnros","FC Vindeln",7,8,"Sävar IK",1
"303",303,"Erik Hörnros","FC Vindeln",7,8,"Umeå City IBF",1
"304",304,"Erik Hörnros","FC Vindeln",7,8,"Vindelns IF",3
"305",305,"Erik Hörnros","FC Vindeln",7,8,"Vindelns IF",4
"306",306,"Erik Hörnros","FC Vindeln",7,8,"Team Thorengruppen SK",1
"307",307,"Erik Hörnros","FC Vindeln",7,8,"Spöland Vännäs IF",1
"308",308,"Erik Hörnros","Olasjöhallen",1,8,"Obbola IK",1
"309",309,"Erik Hörnros","Olasjöhallen",1,8,"Vindelns IF",1
"310",310,"Erik Hörnros, Jimmy Norlund","Bråvallahallen",1,6,"Röbäcks IF",1
"311",311,"Erik Hörnros, Jimmy Norlund","Bråvallahallen",1,6,"Hörnefors IF",1
"312",312,"Erik Hörnros, Jimmy Norlund","Elofssonhallen",1,6,"Umeå City IBF",1
"313",313,"Erik Hörnros, Jimmy Norlund","Elofssonhallen",1,6,"Sävar IK",1
"314",314,"Erik Hörnros, Jimmy Norlund","Hammarhallen Vännäs",2,6,"Umeå City IBF",1
"315",315,"Erik Hörnros, Jimmy Norlund","Hammarhallen Vännäs",2,6,"Vindelns IF",1
"316",316,"Erik Hörnros, Jimmy Norlund","Hammarhallen Vännäs",2,6,"Spöland Vännäs IF",2
"317",317,"Erik Hörnros, Jimmy Norlund","Sporthallen Musköten",1,6,"Sandåkerns SK",1
"318",318,"Erik Hörnros, Jimmy Norlund","Sporthallen Musköten",1,6,"Hissjö SK/IBF Dalen",1
"319",319,"Erik Hörnros, Jimmy Norlund","Vildmannahallen",1,6,"Sävar IK",1
"320",320,"Erik Hörnros, Jimmy Norlund","Vildmannahallen",1,6,"Sandåkerns SK",1
"321",321,"Gustav Broadhall, Daniel Johannesson","Sjöfruhallen",2,3,"Umeå City IBF ",1
"322",322,"Gustav Broadhall, Daniel Johannesson","Sjöfruhallen",2,3,"Holmsund City IBC",1
"323",323,"Gustav Broadhall, Daniel Johannesson","Sjöfruhallen",2,3,"Gimonäs Umeå IF",1
"324",324,"Gustav Broadhall, Daniel Johannesson","Sjöfruhallen",2,3,"Gimonäs Umeå IF ",1
"325",325,"Gustav Broadhall, Daniel Johannesson","Vildmannahallen",1,3,"IBF Dalen ",1
"326",326,"Gustav Broadhall, Daniel Johannesson","Vildmannahallen",1,3,"Team Thorengruppen SK",1
"327",327,"Gustav Broadhall, Magnus Fessé","Storsjöhallen",2,4,"Sävar IK",1
"328",328,"Gustav Broadhall, Magnus Fessé","Storsjöhallen",2,4,"Holmsund City IBC",1
"329",329,"Gustav Broadhall, Magnus Fessé","Storsjöhallen",2,4,"Holmsund City IBC",1
"330",330,"Gustav Broadhall, Magnus Fessé","Storsjöhallen",2,4,"Team Thorengruppen SK",1
"331",331,"Gustav Broadhall, Magnus Fessé","Sävaråhallen",1,4,"Sävar IK",1
"332",332,"Gustav Broadhall, Magnus Fessé","Sävaråhallen",1,4,"Hissjö SK/IBF Dalen",1
"333",333,"Gustav Broadhall, Magnus Fessé","Umeå Energi Arena Öst",1,4,"Team Thorengruppen SK",1
"334",334,"Gustav Broadhall, Magnus Fessé","Umeå Energi Arena Öst",1,4,"Ersboda SK",1
"335",335,"Gustav Broadhall, Thanasis Provatas","Storsjöhallen",1,1,"Holmsund City IBC",1
"336",336,"Gustav Broadhall, Thanasis Provatas","Storsjöhallen",1,1,"Gimonäs Umeå IF ",1
"337",337,"Hanna Edholm, Lina Norman","Sporthallen Musköten",1,2,"Hissjö SK/IBF Dalen",1
"338",338,"Hanna Edholm, Lina Norman","Sporthallen Musköten",1,2,"Gimonäs Umeå IF",1
"339",339,"Hanna Edholm, Lina Norman","Vildmannahallen",1,2,"Sävar IK",1
"340",340,"Hanna Edholm, Lina Norman","Vildmannahallen",1,2,"Umeå City IBF ",1
"341",341,"Hanna Wendén, Lisa Vestman","Elofssonhallen",2,2,"Umeå City IBF",1
"342",342,"Hanna Wendén, Lisa Vestman","Elofssonhallen",2,2,"Sävar IK",1
"343",343,"Hanna Wendén, Lisa Vestman","Elofssonhallen",2,2,"Umeå City IBF",1
"344",344,"Hanna Wendén, Lisa Vestman","Elofssonhallen",2,2,"Röbäcks IF",1
"345",345,"Hanna Wendén, Sanna Åslin","Olasjöhallen",1,1,"Obbola IK",1
"346",346,"Hanna Wendén, Sanna Åslin","Olasjöhallen",1,1,"IBF Dalen",1
"347",347,"Hanna Wendén, Tilde Wikström","Sporthallen Musköten",1,1,"Umeå City IBF",1
"348",348,"Hanna Wendén, Tilde Wikström","Sporthallen Musköten",1,1,"IBF Dalen ",1
"349",349,"Henning Löfgren, Thanasis Provatas","Midgårdshallen",1,1,"Hissjö SK/IBF Dalen",1
"350",350,"Henning Löfgren, Thanasis Provatas","Midgårdshallen",1,1,"Umeå City IBF ",1
"351",351,"Hugo Hellqvist, Klas Höglund","Vildmannahallen",2,2,"Hörnefors IF",1
"352",352,"Hugo Hellqvist, Klas Höglund","Vildmannahallen",2,2,"Hissjö SK/IBF Dalen",1
"353",353,"Hugo Hellqvist, Klas Höglund","Vildmannahallen",2,2,"Hissjö SK/IBF Dalen",1
"354",354,"Hugo Hellqvist, Klas Höglund","Vildmannahallen",2,2,"Gimonäs Umeå IF",1
"355",355,"Ida Edström, Frida Nilsson-Wihlbäck","Sjöfruhallen",1,2,"Gimonäs Umeå IF",1
"356",356,"Ida Edström, Frida Nilsson-Wihlbäck","Sjöfruhallen",1,2,"Gimonäs Umeå IF",1
"357",357,"Ida Edström, Frida Nilsson-Wihlbäck","Sävaråhallen",1,2,"Gimonäs Umeå IF",1
"358",358,"Ida Edström, Frida Nilsson-Wihlbäck","Sävaråhallen",1,2,"Sävar IK",1
"359",359,"Ida Edström, Yueshan Lidström","Täftehallen",1,1,"Sävar IK",1
"360",360,"Ida Edström, Yueshan Lidström","Täftehallen",1,1,"Gimonäs Umeå IF",1
"361",361,"Isaac Sjunnesson, Melker Westerberg","Balderhallen A",1,1,"Byske IF ",1
"362",362,"Isaac Sjunnesson, Melker Westerberg","Balderhallen A",1,1,"Gamla Stan IBK ",1
"363",363,"Jens Marklund, Johan Rönnberg","Eddahallen",1,1,"Skellefteå IBS ",1
"364",364,"Jens Marklund, Johan Rönnberg","Eddahallen",1,1,"Kågedalens AIF ",1
"365",365,"Joakim Broman","Balderhallen B",1,3,"Skellefteå IBS ",1
"366",366,"Joakim Broman","Balderhallen B",1,3,"Bureå IF ",1
"367",367,"Joakim Broman","Byske Sporthall",1,3,"Gamla Stan IBK ",1
"368",368,"Joakim Broman","Byske Sporthall",1,3,"Byske IF ",1
"369",369,"Joakim Broman","Örjanshallen",1,3,"Skellefteå IBK ",1
"370",370,"Joakim Broman","Örjanshallen",1,3,"Clemensnäs IF/RIF ",1
"371",371,"Joakim Broman, Alvin Gustavsson","Eddahallen",2,2,"Skellefteå IBK ",1
"372",372,"Joakim Broman, Alvin Gustavsson","Eddahallen",2,2,"Skellefteå IBK ",1
"373",373,"Joakim Broman, Alvin Gustavsson","Eddahallen",2,2,"Lövånger/Uttersjöbäcken AIK ",1
"374",374,"Joakim Broman, Alvin Gustavsson","Eddahallen",2,2,"Byske IF ",1
"375",375,"Joakim Broman, Andreas Åström","Balderhallen A",6,11,"Lövånger/Uttersjöbäcken AIK ",1
"376",376,"Joakim Broman, Andreas Åström","Balderhallen A",6,11,"Skellefteå IBK ",1
"377",377,"Joakim Broman, Andreas Åström","Balderhallen A",6,11,"Boliden FFI ",1
"378",378,"Joakim Broman, Andreas Åström","Balderhallen A",6,11,"Gamla Stan IBK ",1
"379",379,"Joakim Broman, Andreas Åström","Balderhallen A",6,11,"Skellefteå IBS ",2
"380",380,"Joakim Broman, Andreas Åström","Balderhallen A",6,11,"Skellefteå IBK ",1
"381",381,"Joakim Broman, Andreas Åström","Balderhallen A",6,11,"Bureå IF ",1
"382",382,"Joakim Broman, Andreas Åström","Balderhallen A",6,11,"Skellefteå IBS ",1
"383",383,"Joakim Broman, Andreas Åström","Balderhallen A",6,11,"Skellefteå IBS ",1
"384",384,"Joakim Broman, Andreas Åström","Balderhallen A",6,11,"Gamla Stan IBK ",2
"385",385,"Joakim Broman, Andreas Åström","Balderhallen B",1,11,"Skellefteå IBK ",1
"386",386,"Joakim Broman, Andreas Åström","Balderhallen B",1,11,"Gamla Stan IBK ",1
"387",387,"Joakim Broman, Andreas Åström","Eddahallen",2,11,"Skellefteå IBK ",1
"388",388,"Joakim Broman, Andreas Åström","Eddahallen",2,11,"Skellefteå IBK ",1
"389",389,"Joakim Broman, Andreas Åström","Eddahallen",2,11,"Skellefteå IBS ",1
"390",390,"Joakim Broman, Andreas Åström","Eddahallen",2,11,"Boliden FFI ",1
"391",391,"Joakim Broman, Andreas Åström","Örjanshallen",2,11,"Clemensnäs IF/RIF ",1
"392",392,"Joakim Broman, Andreas Åström","Örjanshallen",2,11,"Byske IF ",1
"393",393,"Joakim Broman, Andreas Åström","Örjanshallen",2,11,"Bureå IF ",1
"394",394,"Joakim Broman, Andreas Åström","Örjanshallen",2,11,"Clemensnäs IF ",1
"395",395,"Joakim Broman, Elias Norden","Anderstorpshallen",1,4,"Boliden FFI ",1
"396",396,"Joakim Broman, Elias Norden","Anderstorpshallen",1,4,"Skellefteå IBS ",1
"397",397,"Joakim Broman, Elias Norden","Eddahallen",3,4,"Skellefteå IBK ",1
"398",398,"Joakim Broman, Elias Norden","Eddahallen",3,4,"Kågedalens AIF ",1
"399",399,"Joakim Broman, Elias Norden","Eddahallen",3,4,"Skellefteå IBK ",1
"400",400,"Joakim Broman, Elias Norden","Eddahallen",3,4,"Skellefteå IBK ",1
"401",401,"Joakim Broman, Elias Norden","Eddahallen",3,4,"Byske IF ",1
"402",402,"Joakim Broman, Elias Norden","Eddahallen",3,4,"Gamla Stan IBK ",1
"403",403,"Joakim Broman, Lasse Ekesryd","Lejonströmshallen",2,2,"Clemensnäs IF/RIF ",1
"404",404,"Joakim Broman, Lasse Ekesryd","Lejonströmshallen",2,2,"Gamla Stan IBK ",1
"405",405,"Joakim Broman, Lasse Ekesryd","Lejonströmshallen",2,2,"Gamla Stan IBK ",1
"406",406,"Joakim Broman, Lasse Ekesryd","Lejonströmshallen",2,2,"Gamla Stan IBK ",1
"407",407,"Joakim Broman, Melker Westerberg","Balderhallen B",2,2,"Kågedalens AIF ",1
"408",408,"Joakim Broman, Melker Westerberg","Balderhallen B",2,2,"Boliden FFI ",1
"409",409,"Joakim Broman, Melker Westerberg","Balderhallen B",2,2,"Gamla Stan IBK ",1
"410",410,"Joakim Broman, Melker Westerberg","Balderhallen B",2,2,"Skellefteå IBK ",1
"411",411,"Joakim Broman, Samuel Sundqvist","Örjanshallen",2,2,"Rönnskär Railcare IF ",1
"412",412,"Joakim Broman, Samuel Sundqvist","Örjanshallen",2,2,"Skellefteå IBS ",1
"413",413,"Joakim Broman, Samuel Sundqvist","Örjanshallen",2,2,"Clemensnäs IF ",1
"414",414,"Joakim Broman, Samuel Sundqvist","Örjanshallen",2,2,"Skellefteå IBK ",1
"415",415,"Jonas Ahlehjelm","Täftehallen",1,1,"Umeå City IBF ",1
"416",416,"Jonas Ahlehjelm","Täftehallen",1,1,"Täfteå IK",1
"417",417,"Julia Fältén, Alvina Mukkala","Umeå Energi Arena Öst",1,1,"Holmsund City IBC",1
"418",418,"Julia Fältén, Alvina Mukkala","Umeå Energi Arena Öst",1,1,"Umeå City IBF",1
"419",419,"Julia Fältén, Daniel Johannesson","Sporthallen Musköten",1,1,"IBF Dalen",1
"420",420,"Julia Fältén, Daniel Johannesson","Sporthallen Musköten",1,1,"Umeå City IBF",1
"421",421,"Julia Fältén, Lisa Vestman","Elofssonhallen",2,7,"Håknäs IF",1
"422",422,"Julia Fältén, Lisa Vestman","Elofssonhallen",2,7,"Röbäcks IF",1
"423",423,"Julia Fältén, Lisa Vestman","Elofssonhallen",2,7,"Röbäcks IF",1
"424",424,"Julia Fältén, Lisa Vestman","Elofssonhallen",2,7,"Hissjö SK/IBF Dalen",1
"425",425,"Julia Fältén, Lisa Vestman","Olasjöhallen",1,7,"Obbola IK",1
"426",426,"Julia Fältén, Lisa Vestman","Olasjöhallen",1,7,"Umeå City IBF",1
"427",427,"Julia Fältén, Lisa Vestman","Sporthallen Musköten",2,7,"Spöland Vännäs IF",1
"428",428,"Julia Fältén, Lisa Vestman","Sporthallen Musköten",2,7,"IBF Dalen",1
"429",429,"Julia Fältén, Lisa Vestman","Sporthallen Musköten",2,7,"IBF Dalen",1
"430",430,"Julia Fältén, Lisa Vestman","Sporthallen Musköten",2,7,"Gimonäs Umeå IF",1
"431",431,"Julia Fältén, Lisa Vestman","Vildmannahallen",2,7,"Team Thorengruppen SK",1
"432",432,"Julia Fältén, Lisa Vestman","Vildmannahallen",2,7,"Sandåkerns SK",1
"433",433,"Julia Fältén, Lisa Vestman","Vildmannahallen",2,7,"Spöland Vännäs IF",1
"434",434,"Julia Fältén, Lisa Vestman","Vildmannahallen",2,7,"Umeå City IBF",1
"435",435,"Julia Fältén, Louise Ramebäck","Sjöfruhallen",1,3,"Hissjö SK/IBF Dalen",1
"436",436,"Julia Fältén, Louise Ramebäck","Sjöfruhallen",1,3,"Gimonäs Umeå IF",1
"437",437,"Julia Fältén, Louise Ramebäck","Umeå Energi Arena Öst",2,3,"Gimonäs Umeå IF",1
"438",438,"Julia Fältén, Louise Ramebäck","Umeå Energi Arena Öst",2,3,"Umeå City IBF",2
"439",439,"Julia Fältén, Louise Ramebäck","Umeå Energi Arena Öst",2,3,"Holmsund City IBC",1
"440",440,"Julia Fältén, Rasmus Säfvenberg","Vildmannahallen",1,1,"Hissjö SK/IBF Dalen",1
"441",441,"Julia Fältén, Rasmus Säfvenberg","Vildmannahallen",1,1,"Röbäcks IF",1
"442",442,"Jörgen Lundberg","Byske Sporthall",2,2,"Byske IF ",2
"443",443,"Jörgen Lundberg","Byske Sporthall",2,2,"Clemensnäs IF/RIF ",1
"444",444,"Jörgen Lundberg","Byske Sporthall",2,2,"Skellefteå IBK ",1
"445",445,"Kent Fagerberg, David Karlsson","Midgårdshallen",1,2,"Umeå City IBF",1
"446",446,"Kent Fagerberg, David Karlsson","Midgårdshallen",1,2,"Ersboda SK",1
"447",447,"Kent Fagerberg, David Karlsson","Vildmannahallen",1,2,"Sandåkerns SK",1
"448",448,"Kent Fagerberg, David Karlsson","Vildmannahallen",1,2,"Umeå City IBF",1
"449",449,"Kim Fallbjörk","FC Vindeln",1,1,"Umeå City IBF ",1
"450",450,"Kim Fallbjörk","FC Vindeln",1,1,"Vindelns IF",1
"451",451,"Kim Fallbjörk, Daniel Johannesson","Midgårdshallen",1,1,"Sandåkerns SK",1
"452",452,"Kim Fallbjörk, Daniel Johannesson","Midgårdshallen",1,1,"Umeå City IBF",1
"453",453,"Kim Fallbjörk, David Karlsson","Midgårdshallen",1,2,"IBF Dalen",1
"454",454,"Kim Fallbjörk, David Karlsson","Midgårdshallen",1,2,"Umeå City IBF",1
"455",455,"Kim Fallbjörk, David Karlsson","Storsjöhallen",1,2,"Ersboda SK",1
"456",456,"Kim Fallbjörk, David Karlsson","Storsjöhallen",1,2,"Holmsund City IBC",1
"457",457,"Kim Fallbjörk, Klas Höglund","Ersängshallen",1,1,"IBF Dalen ",1
"458",458,"Kim Fallbjörk, Klas Höglund","Ersängshallen",1,1,"Ersboda SK",1
"459",459,"Kim Fallbjörk, Mattias Karlsson","Sävaråhallen",2,2,"Sävar IK",1
"460",460,"Kim Fallbjörk, Mattias Karlsson","Sävaråhallen",2,2,"Sävar IK/Täfteå IK",1
"461",461,"Kim Fallbjörk, Mattias Karlsson","Sävaråhallen",2,2,"Holmsund City IBC",1
"462",462,"Kim Fallbjörk, Mattias Karlsson","Sävaråhallen",2,2,"Team Thorengruppen SK",1
"463",463,"Klas Höglund","Midgårdshallen",1,2,"Hissjö SK/IBF Dalen",1
"464",464,"Klas Höglund","Midgårdshallen",1,2,"Vindelns IF",1
"465",465,"Klas Höglund","Täftehallen",1,2,"Hörnefors IF",1
"466",466,"Klas Höglund","Täftehallen",1,2,"Täfteå IK",1
"467",467,"Klas Höglund, Alvina Mukkala","Hammarhallen Vännäs",1,1,"Holmsund City IBC",1
"468",468,"Klas Höglund, Alvina Mukkala","Hammarhallen Vännäs",1,1,"Spöland Vännäs IF",1
"469",469,"Klas Höglund, Christoffer Lind","Ersängshallen",2,6,"Sävar IK/Täfteå IK",1
"470",470,"Klas Höglund, Christoffer Lind","Ersängshallen",2,6,"Holmsund City IBC",1
"471",471,"Klas Höglund, Christoffer Lind","Ersängshallen",2,6,"Ersboda SK",2
"472",472,"Klas Höglund, Christoffer Lind","Hammarhallen Vännäs",1,6,"Spöland Vännäs IF",1
"473",473,"Klas Höglund, Christoffer Lind","Hammarhallen Vännäs",1,6,"Umeå City IBF",1
"474",474,"Klas Höglund, Christoffer Lind","Norrskenshallen",1,6,"Täfteå IK",1
"475",475,"Klas Höglund, Christoffer Lind","Norrskenshallen",1,6,"Håknäs IF",1
"476",476,"Klas Höglund, Christoffer Lind","Storsjöhallen",2,6,"IBF Dalen ",1
"477",477,"Klas Höglund, Christoffer Lind","Storsjöhallen",2,6,"Holmsund City IBC",2
"478",478,"Klas Höglund, Christoffer Lind","Storsjöhallen",2,6,"IBF Dalen",1
"479",479,"Klas Höglund, Peter Saari","Hammarhallen Vännäs",1,1,"Spöland Vännäs IF",1
"480",480,"Klas Höglund, Peter Saari","Hammarhallen Vännäs",1,1,"IBF Dalen",1
"481",481,"Klas Höglund, Thanasis Provatas","Elofssonhallen",2,2,"Röbäcks IF",1
"482",482,"Klas Höglund, Thanasis Provatas","Elofssonhallen",2,2,"Team Thorengruppen SK",1
"483",483,"Klas Höglund, Thanasis Provatas","Elofssonhallen",2,2,"Umeå City IBF",1
"484",484,"Klas Höglund, Thanasis Provatas","Elofssonhallen",2,2,"Hörnefors IF",1
"485",485,"Klas Höglund, Ulf Stödberg","Bråvallahallen",1,1,"Hörnefors IF",1
"486",486,"Klas Höglund, Ulf Stödberg","Bråvallahallen",1,1,"Gimonäs Umeå IF",1
"487",487,"Lasse Ekesryd, Bobby Hjelte","Eddahallen",1,3,"Skellefteå IBK ",1
"488",488,"Lasse Ekesryd, Bobby Hjelte","Eddahallen",1,3,"Kågedalens AIF ",1
"489",489,"Lasse Ekesryd, Bobby Hjelte","Örjanshallen",2,3,"Gamla Stan IBK ",1
"490",490,"Lasse Ekesryd, Bobby Hjelte","Örjanshallen",2,3,"Skellefteå IBK ",1
"491",491,"Lasse Ekesryd, Bobby Hjelte","Örjanshallen",2,3,"Clemensnäs IF/RIF ",2
"492",492,"Lasse Ekesryd, David Morén","Balderhallen A",1,1,"Skellefteå IBK ",1
"493",493,"Lasse Ekesryd, David Morén","Balderhallen A",1,1,"Skellefteå IBK ",1
"494",494,"Lasse Ekesryd, Jörgen Lundberg","Anderstorpshallen",2,2,"Gamla Stan IBK ",1
"495",495,"Lasse Ekesryd, Jörgen Lundberg","Anderstorpshallen",2,2,"Skellefteå IBS ",1
"496",496,"Lasse Ekesryd, Jörgen Lundberg","Anderstorpshallen",2,2,"Skellefteå IBK ",1
"497",497,"Lasse Ekesryd, Jörgen Lundberg","Anderstorpshallen",2,2,"Boliden FFI ",1
"498",498,"Lasse Ekesryd, Micael Holmbom","Balderhallen A",5,6,"Gamla Stan IBK ",2
"499",499,"Lasse Ekesryd, Micael Holmbom","Balderhallen A",5,6,"Skellefteå IBS ",1
"500",500,"Lasse Ekesryd, Micael Holmbom","Balderhallen A",5,6,"Kågedalens AIF ",1
"501",501,"Lasse Ekesryd, Micael Holmbom","Balderhallen A",5,6,"Boliden FFI ",1
"502",502,"Lasse Ekesryd, Micael Holmbom","Balderhallen A",5,6,"Clemensnäs IF/RIF ",1
"503",503,"Lasse Ekesryd, Micael Holmbom","Balderhallen A",5,6,"Skellefteå IBK ",1
"504",504,"Lasse Ekesryd, Micael Holmbom","Balderhallen A",5,6,"Gamla Stan IBK ",2
"505",505,"Lasse Ekesryd, Micael Holmbom","Balderhallen A",5,6,"Byske IF ",1
"506",506,"Lasse Ekesryd, Micael Holmbom","Eddahallen",1,6,"Skellefteå IBK ",1
"507",507,"Lasse Ekesryd, Micael Holmbom","Eddahallen",1,6,"Rönnskär Railcare IF ",1
"508",508,"Lasse Ekesryd, Ville Hedsberg","Balderhallen B",1,3,"Boliden FFI ",1
"509",509,"Lasse Ekesryd, Ville Hedsberg","Balderhallen B",1,3,"Skellefteå IBK ",1
"510",510,"Lasse Ekesryd, Ville Hedsberg","Eddahallen",1,3,"Skellefteå IBK ",1
"511",511,"Lasse Ekesryd, Ville Hedsberg","Eddahallen",1,3,"Byske IF ",1
"512",512,"Lasse Ekesryd, Ville Hedsberg","Lejonströmshallen",1,3,"Gamla Stan IBK ",1
"513",513,"Lasse Ekesryd, Ville Hedsberg","Lejonströmshallen",1,3,"Kågedalens AIF ",1
"514",514,"Lina Holmgren, Klas Höglund","Storsjöhallen",1,1,"Holmsund City IBC",1
"515",515,"Lina Holmgren, Klas Höglund","Storsjöhallen",1,1,"Hissjö SK/IBF Dalen",1
"516",516,"Lina Holmgren, Matilda Karlsson","Sjöfruhallen",1,6,"Holmsund City IBC",1
"517",517,"Lina Holmgren, Matilda Karlsson","Sjöfruhallen",1,6,"Gimonäs Umeå IF",1
"518",518,"Lina Holmgren, Matilda Karlsson","Sporthushallen",1,6,"Umeå City IBF ",1
"519",519,"Lina Holmgren, Matilda Karlsson","Sporthushallen",1,6,"Täfteå IK",1
"520",520,"Lina Holmgren, Matilda Karlsson","Sävaråhallen",1,6,"Sävar IK",1
"521",521,"Lina Holmgren, Matilda Karlsson","Sävaråhallen",1,6,"Gimonäs Umeå IF",1
"522",522,"Lina Holmgren, Matilda Karlsson","Vildmannahallen",2,6,"Umeå City IBF",1
"523",523,"Lina Holmgren, Matilda Karlsson","Vildmannahallen",2,6,"Röbäcks IF",1
"524",524,"Lina Holmgren, Matilda Karlsson","Vildmannahallen",2,6,"Umeå City IBF ",1
"525",525,"Lina Holmgren, Matilda Karlsson","Vildmannahallen",2,6,"Holmsund City IBC",1
"526",526,"Lina Holmgren, Matilda Karlsson","Ålidhemshallen",1,6,"Täfteå IK",1
"527",527,"Lina Holmgren, Matilda Karlsson","Ålidhemshallen",1,6,"Gimonäs Umeå IF",1
"528",528,"Louise Ramebäck","Elofssonhallen",1,1,"Röbäcks IF",1
"529",529,"Louise Ramebäck","Elofssonhallen",1,1,"Umeå City IBF ",1
"530",530,"Louise Ramebäck, Elin Wirtala","Sjöfruhallen",1,1,"Gimonäs Umeå IF",1
"531",531,"Louise Ramebäck, Elin Wirtala","Sjöfruhallen",1,1,"Sandåkerns SK",1
"532",532,"Lucas Arvidsson, Mattias Glad","Sävaråhallen",1,1,"Sävar IK",1
"533",533,"Lucas Arvidsson, Mattias Glad","Sävaråhallen",1,1,"Umeå City IBF ",1
"534",534,"Ludvig Andersson, Alva Forss","Vildmannahallen",1,1,"Hissjö SK/IBF Dalen",1
"535",535,"Ludvig Andersson, Alva Forss","Vildmannahallen",1,1,"Sävar IK",1
"536",536,"Ludvig Andersson, Henning Löfgren","Sjöfruhallen",2,6,"Gimonäs Umeå IF",1
"537",537,"Ludvig Andersson, Henning Löfgren","Sjöfruhallen",2,6,"Gimonäs Umeå IF",1
"538",538,"Ludvig Andersson, Henning Löfgren","Sjöfruhallen",2,6,"Täfteå IK",1
"539",539,"Ludvig Andersson, Henning Löfgren","Sjöfruhallen",2,6,"Sävar IK",1
"540",540,"Ludvig Andersson, Henning Löfgren","Sporthallen Musköten",1,6,"Hissjö SK/IBF Dalen",1
"541",541,"Ludvig Andersson, Henning Löfgren","Sporthallen Musköten",1,6,"Umeå City IBF ",1
"542",542,"Ludvig Andersson, Henning Löfgren","Storsjöhallen",1,6,"Holmsund City IBC",1
"543",543,"Ludvig Andersson, Henning Löfgren","Storsjöhallen",1,6,"Gimonäs Umeå IF",1
"544",544,"Ludvig Andersson, Henning Löfgren","Sävaråhallen",1,6,"Sävar IK",1
"545",545,"Ludvig Andersson, Henning Löfgren","Sävaråhallen",1,6,"Håknäs IF",1
"546",546,"Ludvig Andersson, Henning Löfgren","Vildmannahallen",1,6,"Hissjö SK/IBF Dalen",1
"547",547,"Ludvig Andersson, Henning Löfgren","Vildmannahallen",1,6,"Sandåkerns SK",1
"548",548,"Ludvig Andersson, Manuel Garzon","Täftehallen",1,1,"Täfteå IK",1
"549",549,"Ludvig Andersson, Manuel Garzon","Täftehallen",1,1,"Umeå City IBF ",1
"550",550,"Ludvig Andersson, Marcus Eliasson","Midgårdshallen",1,2,"Umeå City IBF",1
"551",551,"Ludvig Andersson, Marcus Eliasson","Midgårdshallen",1,2,"Team Thorengruppen SK",1
"552",552,"Ludvig Andersson, Marcus Eliasson","Umeå Energi Arena Väst",1,2,"Umeå City IBF",1
"553",553,"Ludvig Andersson, Marcus Eliasson","Umeå Energi Arena Väst",1,2,"Team Thorengruppen SK",1
"554",554,"Lydia Elstig, Alexandra Nimrodsson","Sporthallen Musköten",1,1,"Vindelns IF",1
"555",555,"Lydia Elstig, Alexandra Nimrodsson","Sporthallen Musköten",1,1,"Hissjö SK/IBF Dalen",1
"556",556,"Lydia Elstig, Hanna Wendén","Elofssonhallen",1,11,"Gimonäs Umeå IF",1
"557",557,"Lydia Elstig, Hanna Wendén","Elofssonhallen",1,11,"Röbäcks IF",1
"558",558,"Lydia Elstig, Hanna Wendén","Ersängshallen",1,11,"Team Thorengruppen SK",1
"559",559,"Lydia Elstig, Hanna Wendén","Ersängshallen",1,11,"Ersboda SK",1
"560",560,"Lydia Elstig, Hanna Wendén","Midgårdshallen",2,11,"Umeå City IBF",1
"561",561,"Lydia Elstig, Hanna Wendén","Midgårdshallen",2,11,"Team Thorengruppen SK",1
"562",562,"Lydia Elstig, Hanna Wendén","Midgårdshallen",2,11,"Umeå City IBF",1
"563",563,"Lydia Elstig, Hanna Wendén","Midgårdshallen",2,11,"Vindelns IF",1
"564",564,"Lydia Elstig, Hanna Wendén","Sporthushallen",2,11,"Sävar IK",1
"565",565,"Lydia Elstig, Hanna Wendén","Sporthushallen",2,11,"Umeå City IBF",1
"566",566,"Lydia Elstig, Hanna Wendén","Sporthushallen",2,11,"Holmsund City IBC",1
"567",567,"Lydia Elstig, Hanna Wendén","Sporthushallen",2,11,"Umeå City IBF ",1
"568",568,"Lydia Elstig, Hanna Wendén","Storsjöhallen",1,11,"Gimonäs Umeå IF",1
"569",569,"Lydia Elstig, Hanna Wendén","Storsjöhallen",1,11,"Holmsund City IBC",1
"570",570,"Lydia Elstig, Hanna Wendén","Täftehallen",1,11,"Gimonäs Umeå IF",1
"571",571,"Lydia Elstig, Hanna Wendén","Täftehallen",1,11,"Täfteå IK",1
"572",572,"Lydia Elstig, Hanna Wendén","Umeå Energi Arena Väst",1,11,"Täfteå IK",1
"573",573,"Lydia Elstig, Hanna Wendén","Umeå Energi Arena Väst",1,11,"Gimonäs Umeå IF",1
"574",574,"Lydia Elstig, Hanna Wendén","Vildmannahallen",2,11,"Vindelns IF",1
"575",575,"Lydia Elstig, Hanna Wendén","Vildmannahallen",2,11,"Gimonäs Umeå IF",1
"576",576,"Lydia Elstig, Hanna Wendén","Vildmannahallen",2,11,"Umeå City IBF ",1
"577",577,"Lydia Elstig, Hanna Wendén","Vildmannahallen",2,11,"Umeå City IBF",1
"578",578,"Lydia Elstig, Julia Fältén","Midgårdshallen",2,3,"IBF Dalen",1
"579",579,"Lydia Elstig, Julia Fältén","Midgårdshallen",2,3,"Spöland Vännäs IF",1
"580",580,"Lydia Elstig, Julia Fältén","Midgårdshallen",2,3,"Umeå City IBF",2
"581",581,"Lydia Elstig, Julia Fältén","Olasjöhallen",1,3,"Holmsund City IBC",1
"582",582,"Lydia Elstig, Julia Fältén","Olasjöhallen",1,3,"Umeå City IBF",1
"583",583,"Lydia Elstig, Louise Ramebäck","Sjöfruhallen",1,1,"Sävar IK",1
"584",584,"Lydia Elstig, Louise Ramebäck","Sjöfruhallen",1,1,"Gimonäs Umeå IF",1
"585",585,"Lydia Elstig, Samuel Melin","Täftehallen",2,2,"Hissjö SK/IBF Dalen",1
"586",586,"Lydia Elstig, Samuel Melin","Täftehallen",2,2,"Sävar IK",1
"587",587,"Lydia Elstig, Samuel Melin","Täftehallen",2,2,"Täfteå IK",2
"588",588,"Lydia Elstig, Sanna Åslin","Elofssonhallen",1,4,"Röbäcks IF",1
"589",589,"Lydia Elstig, Sanna Åslin","Elofssonhallen",1,4,"Gimonäs Umeå IF",1
"590",590,"Lydia Elstig, Sanna Åslin","Sporthallen Musköten",1,4,"IBF Dalen",1
"591",591,"Lydia Elstig, Sanna Åslin","Sporthallen Musköten",1,4,"Hörnefors IF",1
"592",592,"Lydia Elstig, Sanna Åslin","Vildmannahallen",2,4,"Spöland Vännäs IF",1
"593",593,"Lydia Elstig, Sanna Åslin","Vildmannahallen",2,4,"Umeå City IBF ",1
"594",594,"Lydia Elstig, Sanna Åslin","Vildmannahallen",2,4,"Umeå City IBF",1
"595",595,"Lydia Elstig, Sanna Åslin","Vildmannahallen",2,4,"Team Thorengruppen SK",1
"596",596,"Magnus Fessé, Daniel Johannesson","Sporthallen Musköten",1,1,"Ersboda SK",1
"597",597,"Magnus Fessé, Daniel Johannesson","Sporthallen Musköten",1,1,"IBF Dalen ",1
"598",598,"Manuel Garzon, Christoffer Lind","Ersängshallen",1,1,"Ersboda SK",1
"599",599,"Manuel Garzon, Christoffer Lind","Ersängshallen",1,1,"Holmsund City IBC",1
"600",600,"Manuel Garzon, Rasmus Säfvenberg","Hammarhallen Vännäs",1,3,"Spöland Vännäs IF",1
"601",601,"Manuel Garzon, Rasmus Säfvenberg","Hammarhallen Vännäs",1,3,"Obbola IK",1
"602",602,"Manuel Garzon, Rasmus Säfvenberg","Sjöfruhallen",1,3,"Gimonäs Umeå IF",1
"603",603,"Manuel Garzon, Rasmus Säfvenberg","Sjöfruhallen",1,3,"Gimonäs Umeå IF",1
"604",604,"Manuel Garzon, Rasmus Säfvenberg","Sporthallen Musköten",1,3,"IBF Dalen",1
"605",605,"Manuel Garzon, Rasmus Säfvenberg","Sporthallen Musköten",1,3,"Håknäs IF",1
"606",606,"Manuel Garzon, Robert Segerstedt","Storsjöhallen",1,1,"Holmsund City IBC",1
"607",607,"Manuel Garzon, Robert Segerstedt","Storsjöhallen",1,1,"IBF Dalen ",1
"608",608,"Manuel Garzon, Thanasis Provatas","Storsjöhallen",1,1,"Holmsund City IBC",1
"609",609,"Manuel Garzon, Thanasis Provatas","Storsjöhallen",1,1,"Sävar IK/Täfteå IK",1
"610",610,"Marcus Eliasson, Mattias Karlsson","Elofssonhallen",1,1,"Umeå City IBF",1
"611",611,"Marcus Eliasson, Mattias Karlsson","Elofssonhallen",1,1,"Sandåkerns SK",1
"612",612,"Marcus Gabrielsson, Gustav Granström","FC Vindeln",1,1,"Vindelns IF",1
"613",613,"Marcus Gabrielsson, Gustav Granström","FC Vindeln",1,1,"Gimonäs Umeå IF",1
"614",614,"Marcus Gabrielsson, Joni Güzel","FC Vindeln",2,2,"Gimonäs Umeå IF",1
"615",615,"Marcus Gabrielsson, Joni Güzel","FC Vindeln",2,2,"Vindelns IF",1
"616",616,"Marcus Gabrielsson, Joni Güzel","FC Vindeln",2,2,"Vindelns IF",1
"617",617,"Marcus Gabrielsson, Joni Güzel","FC Vindeln",2,2,"Gimonäs Umeå IF",1
"618",618,"Marcus Glad, Mattias Glad","Sävaråhallen",2,3,"Täfteå IK",1
"619",619,"Marcus Glad, Mattias Glad","Sävaråhallen",2,3,"Hissjö SK/IBF Dalen",1
"620",620,"Marcus Glad, Mattias Glad","Sävaråhallen",2,3,"Sävar IK",1
"621",621,"Marcus Glad, Mattias Glad","Sävaråhallen",2,3,"Sävar IK",1
"622",622,"Marcus Glad, Mattias Glad","Täftehallen",1,3,"Gimonäs Umeå IF",1
"623",623,"Marcus Glad, Mattias Glad","Täftehallen",1,3,"Täfteå IK",1
"624",624,"Marcus Glad, Rasmus Säfvenberg","Sävaråhallen",2,2,"Sävar IK/Täfteå IK",1
"625",625,"Marcus Glad, Rasmus Säfvenberg","Sävaråhallen",2,2,"Holmsund City IBC",1
"626",626,"Marcus Glad, Rasmus Säfvenberg","Sävaråhallen",2,2,"Sandåkerns SK",1
"627",627,"Marcus Glad, Rasmus Säfvenberg","Sävaråhallen",2,2,"Sävar IK",1
"628",628,"Mathias Bergsdorf","Bråvallahallen",1,1,"Hörnefors IF",1
"629",629,"Mathias Bergsdorf","Bråvallahallen",1,1,"Håknäs IF",1
"630",630,"Mathias Bergsdorf, Moa Stödberg","Bråvallahallen",1,1,"Umeå City IBF",1
"631",631,"Mathias Bergsdorf, Moa Stödberg","Bråvallahallen",1,1,"Hörnefors IF",1
"632",632,"Matilda Karlsson, Robert Segerstedt","Sporthallen Musköten",2,3,"IBF Dalen",1
"633",633,"Matilda Karlsson, Robert Segerstedt","Sporthallen Musköten",2,3,"Umeå City IBF ",1
"634",634,"Matilda Karlsson, Robert Segerstedt","Sporthallen Musköten",2,3,"Hissjö SK/IBF Dalen",1
"635",635,"Matilda Karlsson, Robert Segerstedt","Sporthallen Musköten",2,3,"Sävar IK",1
"636",636,"Matilda Karlsson, Robert Segerstedt","Umeå Energi Arena Öst",1,3,"Gimonäs Umeå IF",1
"637",637,"Matilda Karlsson, Robert Segerstedt","Umeå Energi Arena Öst",1,3,"Hissjö SK/IBF Dalen",1
"638",638,"Matilda Karlsson, Roger Karlsson","Sporthallen Musköten",2,2,"IBF Dalen",1
"639",639,"Matilda Karlsson, Roger Karlsson","Sporthallen Musköten",2,2,"Sävar IK",1
"640",640,"Matilda Karlsson, Roger Karlsson","Sporthallen Musköten",2,2,"Täfteå IK",1
"641",641,"Matilda Karlsson, Roger Karlsson","Sporthallen Musköten",2,2,"Hissjö SK/IBF Dalen",1
"642",642,"Matilda Karlsson, Viktoria Nordqvist","Vildmannahallen",1,1,"Hissjö SK/IBF Dalen",1
"643",643,"Matilda Karlsson, Viktoria Nordqvist","Vildmannahallen",1,1,"Gimonäs Umeå IF",1
"644",644,"Mattias Karlsson, Robert Segerstedt","Storsjöhallen",1,1,"Holmsund City IBC",1
"645",645,"Mattias Karlsson, Robert Segerstedt","Storsjöhallen",1,1,"Team Thorengruppen SK",1
"646",646,"Mattias Karlsson, Roger Karlsson","Midgårdshallen",1,1,"Umeå City IBF",1
"647",647,"Mattias Karlsson, Roger Karlsson","Midgårdshallen",1,1,"Sävar IK/Täfteå IK",1
"648",648,"Micael Holmbom, Andreas Åström","Balderhallen B",1,1,"Boliden FFI ",1
"649",649,"Micael Holmbom, Andreas Åström","Balderhallen B",1,1,"Skellefteå IBS ",1
"650",650,"Micael Holmbom, Johan Rönnberg","Balderhallen A",1,1,"Skellefteå IBK ",1
"651",651,"Micael Holmbom, Johan Rönnberg","Balderhallen A",1,1,"Skellefteå IBK ",1
"652",652,"Micael Holmbom, Patrik Häggström","Balderhallen A",1,1,"Gamla Stan IBK ",1
"653",653,"Micael Holmbom, Patrik Häggström","Balderhallen A",1,1,"Skellefteå IBK ",1
"654",654,"Mikael Körning, Anders Öbergh","Vildmannahallen",1,1,"Sandåkerns SK",1
"655",655,"Mikael Körning, Anders Öbergh","Vildmannahallen",1,1,"Obbola IK",1
"656",656,"Moa Stödberg, Ulf Stödberg","Bråvallahallen",2,2,"Hörnefors IF",1
"657",657,"Moa Stödberg, Ulf Stödberg","Bråvallahallen",2,2,"Hörnefors IF",1
"658",658,"Moa Stödberg, Ulf Stödberg","Bråvallahallen",2,2,"Sävar IK",1
"659",659,"Moa Stödberg, Ulf Stödberg","Bråvallahallen",2,2,"IBF Dalen",1
"660",660,"Olle Hedman, Casper Hjelte","Balderhallen A",2,3,"Gamla Stan IBK",2
"661",661,"Olle Hedman, Casper Hjelte","Balderhallen A",2,3,"Bureå IF ",1
"662",662,"Olle Hedman, Casper Hjelte","Balderhallen A",2,3,"Lövånger/Uttersjöbäcken AIK ",1
"663",663,"Olle Hedman, Casper Hjelte","Balderhallen B",1,3,"Clemensnäs IF ",1
"664",664,"Olle Hedman, Casper Hjelte","Balderhallen B",1,3,"Skellefteå IBS ",1
"665",665,"Olle Hedman, Lucas Holmlund","Eddahallen",1,1,"Bureå IF ",1
"666",666,"Olle Hedman, Lucas Holmlund","Eddahallen",1,1,"Skellefteå IBK ",1
"667",667,"Patrik Häggström, Andreas Åström","Balderhallen A",1,1,"Gamla Stan IBK ",1
"668",668,"Patrik Häggström, Andreas Åström","Balderhallen A",1,1,"Skellefteå IBK ",1
"669",669,"Patrik Häggström, Jens Marklund","Eddahallen",1,1,"Skellefteå IBK ",1
"670",670,"Patrik Häggström, Jens Marklund","Eddahallen",1,1,"Skellefteå IBS ",1
"671",671,"Per Andersson, David Morén","Balderhallen B",2,2,"Skellefteå IBK ",1
"672",672,"Per Andersson, David Morén","Balderhallen B",2,2,"Boliden FFI ",1
"673",673,"Per Andersson, David Morén","Balderhallen B",2,2,"Bureå IF ",1
"674",674,"Per Andersson, David Morén","Balderhallen B",2,2,"Rönnskär Railcare IF ",1
"675",675,"Per Andersson, Joakim Broman","Balderhallen B",2,4,"Boliden FFI ",1
"676",676,"Per Andersson, Joakim Broman","Balderhallen B",2,4,"Skellefteå IBS ",1
"677",677,"Per Andersson, Joakim Broman","Balderhallen B",2,4,"Skellefteå IBK ",1
"678",678,"Per Andersson, Joakim Broman","Balderhallen B",2,4,"Skellefteå IBK ",1
"679",679,"Per Andersson, Joakim Broman","Eddahallen",1,4,"Skellefteå IBS ",1
"680",680,"Per Andersson, Joakim Broman","Eddahallen",1,4,"Skellefteå IBK ",1
"681",681,"Per Andersson, Joakim Broman","Lejonströmshallen",1,4,"Gamla Stan IBK ",1
"682",682,"Per Andersson, Joakim Broman","Lejonströmshallen",1,4,"Byske IF ",1
"683",683,"Per Andersson, Tim Marklund","Balderhallen B",1,7,"Skellefteå IBS ",1
"684",684,"Per Andersson, Tim Marklund","Balderhallen B",1,7,"Bureå IF ",1
"685",685,"Per Andersson, Tim Marklund","Eddahallen",1,7,"Bureå IF ",1
"686",686,"Per Andersson, Tim Marklund","Eddahallen",1,7,"Skellefteå IBK ",1
"687",687,"Per Andersson, Tim Marklund","Örjanshallen",5,7,"Boliden FFI ",1
"688",688,"Per Andersson, Tim Marklund","Örjanshallen",5,7,"Clemensnäs IF ",1
"689",689,"Per Andersson, Tim Marklund","Örjanshallen",5,7,"Clemensnäs IF ",1
"690",690,"Per Andersson, Tim Marklund","Örjanshallen",5,7,"Skellefteå IBK ",1
"691",691,"Per Andersson, Tim Marklund","Örjanshallen",5,7,"Bureå IF ",1
"692",692,"Per Andersson, Tim Marklund","Örjanshallen",5,7,"Skellefteå IBS ",1
"693",693,"Per Andersson, Tim Marklund","Örjanshallen",5,7,"Gamla Stan IBK",1
"694",694,"Per Andersson, Tim Marklund","Örjanshallen",5,7,"Lövånger/Uttersjöbäcken AIK ",1
"695",695,"Per Andersson, Tim Marklund","Örjanshallen",5,7,"Rönnskär Railcare IF ",2
"696",696,"Peter Saari, Rasmus Säfvenberg","Hammarhallen Vännäs",1,1,"Umeå City IBF",1
"697",697,"Peter Saari, Rasmus Säfvenberg","Hammarhallen Vännäs",1,1,"Spöland Vännäs IF",1
"698",698,"Peter Saari, Robert Segerstedt","Hammarhallen Vännäs",1,1,"Spöland Vännäs IF",1
"699",699,"Peter Saari, Robert Segerstedt","Hammarhallen Vännäs",1,1,"Umeå City IBF",1
"700",700,"Robert Segerstedt","Ersängshallen",1,7,"Umeå City IBF",1
"701",701,"Robert Segerstedt","Ersängshallen",1,7,"Ersboda SK",1
"702",702,"Robert Segerstedt","Midgårdshallen",1,7,"Sandåkerns SK",1
"703",703,"Robert Segerstedt","Midgårdshallen",1,7,"IBF Dalen",1
"704",704,"Robert Segerstedt","Olasjöhallen",2,7,"Sävar IK",1
"705",705,"Robert Segerstedt","Olasjöhallen",2,7,"Sandåkerns SK",1
"706",706,"Robert Segerstedt","Olasjöhallen",2,7,"Obbola IK",2
"707",707,"Robert Segerstedt","Sjöfruhallen",1,7,"Gimonäs Umeå IF",1
"708",708,"Robert Segerstedt","Sjöfruhallen",1,7,"Spöland Vännäs IF",1
"709",709,"Robert Segerstedt","Storsjöhallen",2,7,"Spöland Vännäs IF",1
"710",710,"Robert Segerstedt","Storsjöhallen",2,7,"Holmsund City IBC",2
"711",711,"Robert Segerstedt","Storsjöhallen",2,7,"Håknäs IF",1
"712",712,"Robert Segerstedt, Andre Williams","Sjöfruhallen",1,1,"Täfteå IK",1
"713",713,"Robert Segerstedt, Andre Williams","Sjöfruhallen",1,1,"Gimonäs Umeå IF",1
"714",714,"Robert Segerstedt, Ulf Stödberg","Sporthushallen",1,1,"Holmsund City IBC",1
"715",715,"Robert Segerstedt, Ulf Stödberg","Sporthushallen",1,1,"Gimonäs Umeå IF",1
"716",716,"Simon Blom, Carl Rosenberg","Balderhallen B",1,1,"Skellefteå IBS ",1
"717",717,"Simon Blom, Carl Rosenberg","Balderhallen B",1,1,"Rönnskär Railcare IF ",1
"718",718,"Sofia Deijer, Alva Forss","Midgårdshallen",2,2,"Obbola IK",1
"719",719,"Sofia Deijer, Alva Forss","Midgårdshallen",2,2,"Umeå City IBF",1
"720",720,"Sofia Deijer, Alva Forss","Midgårdshallen",2,2,"Umeå City IBF ",1
"721",721,"Sofia Deijer, Alva Forss","Midgårdshallen",2,2,"Hörnefors IF",1
"722",722,"Sofia Deijer, David Karlsson","Sjöfruhallen",2,5,"Umeå City IBF",1
"723",723,"Sofia Deijer, David Karlsson","Sjöfruhallen",2,5,"Röbäcks IF",1
"724",724,"Sofia Deijer, David Karlsson","Sjöfruhallen",2,5,"Gimonäs Umeå IF",1
"725",725,"Sofia Deijer, David Karlsson","Sjöfruhallen",2,5,"Gimonäs Umeå IF",1
"726",726,"Sofia Deijer, David Karlsson","Sporthushallen",3,5,"Umeå City IBF ",1
"727",727,"Sofia Deijer, David Karlsson","Sporthushallen",3,5,"Umeå City IBF ",1
"728",728,"Sofia Deijer, David Karlsson","Sporthushallen",3,5,"IBF Dalen",1
"729",729,"Sofia Deijer, David Karlsson","Sporthushallen",3,5,"Spöland Vännäs IF",1
"730",730,"Sofia Deijer, David Karlsson","Sporthushallen",3,5,"Umeå City IBF",1
"731",731,"Sofia Deijer, David Karlsson","Sporthushallen",3,5,"Vindelns IF",1
"732",732,"Sofia Deijer, Robert Segerstedt","Elofssonhallen",2,2,"Spöland Vännäs IF",1
"733",733,"Sofia Deijer, Robert Segerstedt","Elofssonhallen",2,2,"IBF Dalen",1
"734",734,"Sofia Deijer, Robert Segerstedt","Elofssonhallen",2,2,"Umeå City IBF",1
"735",735,"Sofia Deijer, Robert Segerstedt","Elofssonhallen",2,2,"Umeå City IBF",1
"736",736,"Sofia Deijer, Roger Karlsson","Sporthallen Musköten",1,1,"IBF Dalen ",1
"737",737,"Sofia Deijer, Roger Karlsson","Sporthallen Musköten",1,1,"Team Thorengruppen SK",1
"738",738,"Thanasis Provatas","FC Vindeln",2,9,"Umeå City IBF ",1
"739",739,"Thanasis Provatas","FC Vindeln",2,9,"Vindelns IF",2
"740",740,"Thanasis Provatas","FC Vindeln",2,9,"Gimonäs Umeå IF",1
"741",741,"Thanasis Provatas","Norrskenshallen",1,9,"Håknäs IF",1
"742",742,"Thanasis Provatas","Norrskenshallen",1,9,"Spöland Vännäs IF",1
"743",743,"Thanasis Provatas","Olasjöhallen",1,9,"Obbola IK",1
"744",744,"Thanasis Provatas","Olasjöhallen",1,9,"Umeå City IBF",1
"745",745,"Thanasis Provatas","Storsjöhallen",1,9,"Holmsund City IBC",1
"746",746,"Thanasis Provatas","Storsjöhallen",1,9,"Sävar IK/Täfteå IK",1
"747",747,"Thanasis Provatas","Umeå Energi Arena Väst",1,9,"Umeå City IBF",1
"748",748,"Thanasis Provatas","Umeå Energi Arena Väst",1,9,"Spöland Vännäs IF",1
"749",749,"Thanasis Provatas","Vildmannahallen",1,9,"Sandåkerns SK",1
"750",750,"Thanasis Provatas","Vildmannahallen",1,9,"Umeå City IBF",1
"751",751,"Thanasis Provatas","Vännäsby Sporthall",1,9,"Spöland Vännäs IF",1
"752",752,"Thanasis Provatas","Vännäsby Sporthall",1,9,"Team Thorengruppen SK",1
"753",753,"Thanasis Provatas","Ålidhemshallen",1,9,"Gimonäs Umeå IF",1
"754",754,"Thanasis Provatas","Ålidhemshallen",1,9,"Sävar IK",1
"755",755,"Thomas Jonsson","Täftehallen",1,1,"Täfteå IK",1
"756",756,"Thomas Jonsson","Täftehallen",1,1,"Håknäs IF",1
"757",757,"Tilde Wikström, Sanna Åslin","Ersängshallen",1,9,"Ersboda SK",1
"758",758,"Tilde Wikström, Sanna Åslin","Ersängshallen",1,9,"Holmsund City IBC",1
"759",759,"Tilde Wikström, Sanna Åslin","Sjöfruhallen",1,9,"Vindelns IF",1
"760",760,"Tilde Wikström, Sanna Åslin","Sjöfruhallen",1,9,"Gimonäs Umeå IF",1
"761",761,"Tilde Wikström, Sanna Åslin","Sporthallen Musköten",2,9,"IBF Dalen ",1
"762",762,"Tilde Wikström, Sanna Åslin","Sporthallen Musköten",2,9,"Obbola IK",1
"763",763,"Tilde Wikström, Sanna Åslin","Sporthallen Musköten",2,9,"IBF Dalen",1
"764",764,"Tilde Wikström, Sanna Åslin","Sporthallen Musköten",2,9,"Sävar IK/Täfteå IK",1
"765",765,"Tilde Wikström, Sanna Åslin","Sporthushallen",2,9,"Umeå City IBF",2
"766",766,"Tilde Wikström, Sanna Åslin","Sporthushallen",2,9,"Sävar IK",1
"767",767,"Tilde Wikström, Sanna Åslin","Sporthushallen",2,9,"Holmsund City IBC",1
"768",768,"Tilde Wikström, Sanna Åslin","Sävaråhallen",2,9,"Umeå City IBF ",1
"769",769,"Tilde Wikström, Sanna Åslin","Sävaråhallen",2,9,"Sävar IK",2
"770",770,"Tilde Wikström, Sanna Åslin","Sävaråhallen",2,9,"Umeå City IBF",1
"771",771,"Tilde Wikström, Sanna Åslin","Vildmannahallen",1,9,"Gimonäs Umeå IF",1
"772",772,"Tilde Wikström, Sanna Åslin","Vildmannahallen",1,9,"Umeå City IBF ",1
"773",773,"Tony Cederholm","Hammarhallen Vännäs",1,2,"Gimonäs Umeå IF",1
"774",774,"Tony Cederholm","Hammarhallen Vännäs",1,2,"Spöland Vännäs IF",1
"775",775,"Tony Cederholm","Sporthallen Musköten",1,2,"Umeå City IBF",1
"776",776,"Tony Cederholm","Sporthallen Musköten",1,2,"IBF Dalen",1
"777",777,"Ulf Stödberg","Bråvallahallen",2,3,"Holmsund City IBC",1
"778",778,"Ulf Stödberg","Bråvallahallen",2,3,"Hissjö SK/IBF Dalen",1
"779",779,"Ulf Stödberg","Bråvallahallen",2,3,"Hörnefors IF",1
"780",780,"Ulf Stödberg","Bråvallahallen",2,3,"Hörnefors IF",1
"781",781,"Ulf Stödberg","Norrskenshallen",1,3,"Håknäs IF",1
"782",782,"Ulf Stödberg","Norrskenshallen",1,3,"Sävar IK",1
"783",783,"Ville Hedsberg, Bobby Hjelte","Örjanshallen",2,2,"Clemensnäs IF/RIF ",1
"784",784,"Ville Hedsberg, Bobby Hjelte","Örjanshallen",2,2,"Bureå IF ",1
"785",785,"Ville Hedsberg, Bobby Hjelte","Örjanshallen",2,2,"Gamla Stan IBK ",1
"786",786,"Ville Hedsberg, Bobby Hjelte","Örjanshallen",2,2,"Skellefteå IBK ",1
"787",787,"Ville Hedsberg, Elias Norden","Balderhallen B",1,1,"Skellefteå IBK ",1
"788",788,"Ville Hedsberg, Elias Norden","Balderhallen B",1,1,"Kågedalens AIF ",1
"789",789,"Ville Hedsberg, Melker Westerberg","Eddahallen",1,1,"Gamla Stan IBK ",1
"790",790,"Ville Hedsberg, Melker Westerberg","Eddahallen",1,1,"Skellefteå IBK ",1
"791",791,"William Johansson, Andre Williams","Ålidhemshallen",1,1,"Hörnefors IF",1
"792",792,"William Johansson, Andre Williams","Ålidhemshallen",1,1,"Gimonäs Umeå IF",1
"793",793,"William Johansson, Isak Lindeberg Svensson","Vildmannahallen",1,1,"Team Thorengruppen SK",1
"794",794,"William Johansson, Isak Lindeberg Svensson","Vildmannahallen",1,1,"Umeå City IBF",1
"795",795,"Yueshan Lidström, Frida Nilsson-Wihlbäck","Täftehallen",2,2,"Gimonäs Umeå IF",1
"796",796,"Yueshan Lidström, Frida Nilsson-Wihlbäck","Täftehallen",2,2,"Täfteå IK",2
"797",797,"Yueshan Lidström, Frida Nilsson-Wihlbäck","Täftehallen",2,2,"Röbäcks IF",1
"798",798,"Örjan Arvidsson, Joakim Broman","Anderstorpshallen",1,2,"Skellefteå IBK ",1
"799",799,"Örjan Arvidsson, Joakim Broman","Anderstorpshallen",1,2,"Skellefteå IBS ",1
"800",800,"Örjan Arvidsson, Joakim Broman","Balderhallen B",1,2,"Skellefteå IBK ",1
"801",801,"Örjan Arvidsson, Joakim Broman","Balderhallen B",1,2,"Clemensnäs IF ",1
"802",802,"Örjan Arvidsson, Samuel Sundqvist","Örjanshallen",2,2,"Bureå IF ",1
"803",803,"Örjan Arvidsson, Samuel Sundqvist","Örjanshallen",2,2,"Clemensnäs IF ",1
"804",804,"Örjan Arvidsson, Samuel Sundqvist","Örjanshallen",2,2,"Skellefteå IBK ",1
"805",805,"Örjan Arvidsson, Samuel Sundqvist","Örjanshallen",2,2,"Skellefteå IBS ",1
