"","X","Typ","Tidpunkt","Score","Spelare","Lag","Period","Event","Utv","Match","Domare1","Domare2","Domarpar"
"1",1,"Utvisning","16:24",NA,"Ida Eriksson","Örnsköldsvik IBK /IBF","Period1","För många spelare på plan",2,"Örnsköldsvik IBK /IBF - Gimonäs Umeå IF","Mikael Berglund","Stefan Nyberg","Mikael Berglund, Stefan Nyberg"
"2",2,"Utvisning","18:45",NA,"Madeleine Johansson","Örnsköldsvik IBK /IBF","Period2","Hands",2,"Örnsköldsvik IBK /IBF - Gimonäs Umeå IF","Mikael Berglund","Stefan Nyberg","Mikael Berglund, Stefan Nyberg"
"3",3,"Utvisning","11:24",NA,"Hannah Gidlund","Örnsköldsvik IBK /IBF","Period3","Spel utan klubba",2,"Örnsköldsvik IBK /IBF - Gimonäs Umeå IF","Mikael Berglund","Stefan Nyberg","Mikael Berglund, Stefan Nyberg"
"4",4,"Utvisning","13:51",NA,"Sandra Eriksson","Vindelns IF","Period2","Slag",2,"Holmsund City IBC/GUIF - Vindelns IF","Manuel Garzon","Klas Höglund","Manuel Garzon, Klas Höglund"
"5",5,"Utvisning","08:27",NA,"Hanna Sundström","Holmsund City IBC/GUIF","Period3","Slag",2,"Holmsund City IBC/GUIF - Vindelns IF","Manuel Garzon","Klas Höglund","Manuel Garzon, Klas Höglund"
"6",6,"Utvisning","13:45",NA,"Liv Östling","Holmsund City IBC/GUIF","Period3","Otillåten trängning",2,"Holmsund City IBC/GUIF - Vindelns IF","Manuel Garzon","Klas Höglund","Manuel Garzon, Klas Höglund"
"7",7,"Utvisning","15:26",NA,"Hanna Sundström","Holmsund City IBC/GUIF","Period3","Fördröjande av spelet",2,"Holmsund City IBC/GUIF - Vindelns IF","Manuel Garzon","Klas Höglund","Manuel Garzon, Klas Höglund"
"8",8,"Utvisning","16:28",NA,"Miriam Hellberg","Clemensnäs IF /Bureå IF","Period2","Hårt spel 2",2,"Kågedalens AIF - Clemensnäs IF /Bureå IF","Joakim Broman","Samuel Sundqvist","Joakim Broman, Samuel Sundqvist"
"9",9,"Utvisning","03:31",NA,"Nova Svanborg","Kågedalens AIF","Period3","Otillåten trängning",2,"Kågedalens AIF - Clemensnäs IF /Bureå IF","Joakim Broman","Samuel Sundqvist","Joakim Broman, Samuel Sundqvist"
"10",10,"Utvisning","03:15",NA,"Elsa Bergström","Röbäcks IF","Period2","Otillåten trängning",2,"Röbäcks IF - Täfteå IK /Sävar IK","Julia Fältén","Lisa Vestman","Julia Fältén, Lisa Vestman"
"11",11,"Utvisning","15:36",NA,"Alma Sköld","Röbäcks IF","Period2","Slag",2,"Röbäcks IF - Täfteå IK /Sävar IK","Julia Fältén","Lisa Vestman","Julia Fältén, Lisa Vestman"
"12",12,"Utvisning","14:52",NA,"Monica Jusu Bah","Umeå City IBF","Period3","Protest mot domslut",2,"Umeå City IBF - Gamla Stan IBK","Alvin Gustavsson","Elias Norden","Alvin Gustavsson, Elias Norden"
"13",13,"Utvisning","00:10",NA,"Alva Granqvist","Spöland Vännäs IF","Period2","Låsning av klubba",2,"Obbola IK - Spöland Vännäs IF","Kim Fallbjörk","Rasmus Säfvenberg","Kim Fallbjörk, Rasmus Säfvenberg"
"14",14,"Utvisning","10:12",NA,"Nelly Saari","Spöland Vännäs IF","Period3","Obstruktion",2,"Obbola IK - Spöland Vännäs IF","Kim Fallbjörk","Rasmus Säfvenberg","Kim Fallbjörk, Rasmus Säfvenberg"
"15",15,"Utvisning","16:47",NA,"Tyra Andersson","Gimonäs Umeå IF","Period1","Felaktigt avstånd",2,"Kågedalens AIF - Gimonäs Umeå IF","Gustav Broadhall","Daniel Johannesson","Gustav Broadhall, Daniel Johannesson"
"16",16,"Utvisning","19:37",NA,"Kajsa Lundmark","Kågedalens AIF","Period1","Hårt spel 2",2,"Kågedalens AIF - Gimonäs Umeå IF","Gustav Broadhall","Daniel Johannesson","Gustav Broadhall, Daniel Johannesson"
"17",17,"Utvisning","19:56",NA,"Claudia Saksa","Holmsund City IBC/GUIF","Period2","Otillåten trängning",2,"Holmsund City IBC/GUIF - IBF Dalen","Kim Fallbjörk","Rasmus Säfvenberg","Kim Fallbjörk, Rasmus Säfvenberg"
"18",18,"Utvisning","18:55",NA,"Liv Östling","Holmsund City IBC/GUIF","Period3","Slag",2,"Holmsund City IBC/GUIF - IBF Dalen","Kim Fallbjörk","Rasmus Säfvenberg","Kim Fallbjörk, Rasmus Säfvenberg"
"19",19,"Utvisning","02:18",NA,"Miriam Hellberg","Clemensnäs IF /Bureå IF","Period3","Hårt spel 2",2,"Örnsköldsvik IBK /IBF - Clemensnäs IF /Bureå IF","Mikael Berglund","Stefan Nyberg","Mikael Berglund, Stefan Nyberg"
"20",20,"Utvisning","18:51",NA,"Agnes Nyström","Umeå City IBF","Period3","Våldsamt slag",5,"Umeå City IBF - Gimonäs Umeå IF","Gustav Broadhall","Daniel Johannesson","Gustav Broadhall, Daniel Johannesson"
"21",21,"Utvisning","06:52",NA,"Ellen Fahlgren","Gamla Stan IBK","Period2","Slag",2,"Kågedalens AIF - Gamla Stan IBK","Joakim Broman","Andreas Åström","Joakim Broman, Andreas Åström"
"22",22,"Utvisning","06:52",NA,"Nova Svanborg","Kågedalens AIF","Period2","Fasthållning",2,"Kågedalens AIF - Gamla Stan IBK","Joakim Broman","Andreas Åström","Joakim Broman, Andreas Åström"
"23",23,"Utvisning","05:09",NA,"Klara Lindblom","Gamla Stan IBK","Period3","Slag",2,"Kågedalens AIF - Gamla Stan IBK","Joakim Broman","Andreas Åström","Joakim Broman, Andreas Åström"
"24",24,"Utvisning","19:37",NA,"Miriam Hellberg","Clemensnäs IF /Bureå IF","Period3","Hårt spel 2",2,"Rönnskär Railcare IF - Clemensnäs IF /Bureå IF","David Morén","Samuel Sundqvist","David Morén, Samuel Sundqvist"
"25",25,"Utvisning","09:48",NA,"Lina Söderlund","Kågedalens AIF","Period1","Otillåten trängning",2,"Umeå City IBF - Kågedalens AIF","Kim Fallbjörk","Rasmus Säfvenberg","Kim Fallbjörk, Rasmus Säfvenberg"
"26",26,"Utvisning","05:20",NA,"Ella Wallmark","Umeå City IBF","Period2","Hårt spel 2",2,"Umeå City IBF - Kågedalens AIF","Kim Fallbjörk","Rasmus Säfvenberg","Kim Fallbjörk, Rasmus Säfvenberg"
"27",27,"Utvisning","07:14",NA,"Matilda Boström","Kågedalens AIF","Period2","Otillåten trängning",2,"Umeå City IBF - Kågedalens AIF","Kim Fallbjörk","Rasmus Säfvenberg","Kim Fallbjörk, Rasmus Säfvenberg"
"28",28,"Utvisning","05:19",NA,"Ella Wallmark","Umeå City IBF","Period3","Låsning av klubba",2,"Umeå City IBF - Kågedalens AIF","Kim Fallbjörk","Rasmus Säfvenberg","Kim Fallbjörk, Rasmus Säfvenberg"
"29",29,"Utvisning","00:39",NA,"Ellen Bergsdorf","Röbäcks IF","Period3","Otillåten trängning",2,"Vindelns IF - Röbäcks IF","Sofia Deijer","Alvina Mukkala","Sofia Deijer, Alvina Mukkala"
"30",30,"Utvisning","08:09",NA,"Ida Ronnling","Röbäcks IF","Period3","Slag",2,"Vindelns IF - Röbäcks IF","Sofia Deijer","Alvina Mukkala","Sofia Deijer, Alvina Mukkala"
"31",31,"Utvisning","11:45",NA,"Amanda Stenvall","Holmsund City IBC/GUIF","Period3","Slag",2,"Obbola IK - Holmsund City IBC/GUIF","Julia Fältén","Lisa Vestman","Julia Fältén, Lisa Vestman"
"32",32,"Utvisning","05:54",NA,"Kajsa Örnberg","Holmsund City IBC/GUIF","Period2","Otillåten trängning",2,"Spöland Vännäs IF - Holmsund City IBC/GUIF","Magnus Fessé","Alvina Mukkala","Magnus Fessé, Alvina Mukkala"
"33",33,"Utvisning","14:52",NA,"Matilda Valtersson","Obbola IK","Period2","Otillåten trängning",2,"Obbola IK - IBF Dalen","Tilde Wikström","Sanna Åslin","Tilde Wikström, Sanna Åslin"
"34",34,"Utvisning","19:01",NA,"Alexandra Güzel","Vindelns IF","Period1","Otillåten trängning",2,"Täfteå IK /Sävar IK - Vindelns IF","Kim Fallbjörk","Rasmus Säfvenberg","Kim Fallbjörk, Rasmus Säfvenberg"
"35",35,"Utvisning","08:01",NA,"Ida Eriksson","Vindelns IF","Period2","Felaktigt avstånd",2,"Täfteå IK /Sävar IK - Vindelns IF","Kim Fallbjörk","Rasmus Säfvenberg","Kim Fallbjörk, Rasmus Säfvenberg"
"36",36,"Utvisning","17:26",NA,"Ida Edström","Täfteå IK /Sävar IK","Period2","Slag",2,"Täfteå IK /Sävar IK - Vindelns IF","Kim Fallbjörk","Rasmus Säfvenberg","Kim Fallbjörk, Rasmus Säfvenberg"
"37",37,"Utvisning","11:13",NA,"Yueshan Lidström","Täfteå IK /Sävar IK","Period3","Hårt spel 2",2,"Täfteå IK /Sävar IK - Vindelns IF","Kim Fallbjörk","Rasmus Säfvenberg","Kim Fallbjörk, Rasmus Säfvenberg"
"38",38,"Utvisning","19:27",NA,"Jonna Lidberg","Täfteå IK /Sävar IK","Period3","Slag",2,"Täfteå IK /Sävar IK - Vindelns IF","Kim Fallbjörk","Rasmus Säfvenberg","Kim Fallbjörk, Rasmus Säfvenberg"
"39",39,"Utvisning","14:03",NA,"Anna Algotsson","Vindelns IF","Period2","Slag",2,"Spöland Vännäs IF - Vindelns IF","Magnus Fessé","Alvina Mukkala","Magnus Fessé, Alvina Mukkala"
"40",40,"Utvisning","00:26",NA,"Emmy Engman","Vindelns IF","Period3","Hög klubba",2,"Spöland Vännäs IF - Vindelns IF","Magnus Fessé","Alvina Mukkala","Magnus Fessé, Alvina Mukkala"
"41",41,"Utvisning","07:09",NA,"Anna Viklund","Clemensnäs IF /Bureå IF","Period1","Slag",2,"Clemensnäs IF /Bureå IF - Umeå City IBF","Andreas Eriksson","Mattias Karlsson","Andreas Eriksson, Mattias Karlsson"
"42",42,"Utvisning","19:00",NA,"Emelie Olofsson","Täfteå IK /Sävar IK","Period1","Slag",2,"Holmsund City IBC/GUIF - Täfteå IK /Sävar IK","Albin Berglund","Linus Berglund","Albin Berglund, Linus Berglund"
"43",43,"Utvisning","03:12",NA,"Kajsa Näslund","Holmsund City IBC/GUIF","Period2","Slag",2,"Holmsund City IBC/GUIF - Täfteå IK /Sävar IK","Albin Berglund","Linus Berglund","Albin Berglund, Linus Berglund"
"44",44,"Utvisning","06:08",NA,"Kajsa Örnberg","Holmsund City IBC/GUIF","Period2","Slag",2,"Holmsund City IBC/GUIF - Täfteå IK /Sävar IK","Albin Berglund","Linus Berglund","Albin Berglund, Linus Berglund"
"45",45,"Utvisning","11:29",NA,"Julia Holmgren","Holmsund City IBC/GUIF","Period2","Slag",2,"Holmsund City IBC/GUIF - Täfteå IK /Sävar IK","Albin Berglund","Linus Berglund","Albin Berglund, Linus Berglund"
"46",46,"Utvisning","07:43",NA,"Moa Höök","Gimonäs Umeå IF","Period3","Slag",2,"Gimonäs Umeå IF - Rönnskär Railcare IF","Tilde Wikström","Sanna Åslin","Tilde Wikström, Sanna Åslin"
"47",47,"Utvisning","08:42",NA,"Jonna Lönn","Röbäcks IF","Period2","Otillåten trängning",2,"Röbäcks IF - IBF Dalen","Manuel Garzon","Rasmus Säfvenberg","Manuel Garzon, Rasmus Säfvenberg"
"48",48,"Utvisning","05:41",NA,"Emilia Lönn","Röbäcks IF","Period3","Slag",2,"Röbäcks IF - IBF Dalen","Manuel Garzon","Rasmus Säfvenberg","Manuel Garzon, Rasmus Säfvenberg"
"49",49,"Utvisning","03:47",NA,"Ida Strömberg","Örnsköldsvik IBK /IBF","Period2","Fasthållning",2,"Örnsköldsvik IBK /IBF - Gamla Stan IBK","Lasse Ekesryd","Ville Hedsberg","Lasse Ekesryd, Ville Hedsberg"
"50",50,"Utvisning","17:57",NA,"Klara Lindblom","Gamla Stan IBK","Period3","Farligt spel",5,"Örnsköldsvik IBK /IBF - Gamla Stan IBK","Lasse Ekesryd","Ville Hedsberg","Lasse Ekesryd, Ville Hedsberg"
"51",51,"Utvisning","10:28",NA,"Alice Danielsson","IBF Dalen","Period1","Slag",2,"IBF Dalen - Täfteå IK /Sävar IK","Albin Berglund","Linus Berglund","Albin Berglund, Linus Berglund"
"52",52,"Utvisning","07:03",NA,"April Holm","IBF Dalen","Period2","Slag",2,"IBF Dalen - Täfteå IK /Sävar IK","Albin Berglund","Linus Berglund","Albin Berglund, Linus Berglund"
"53",53,"Utvisning","19:19",NA,"Yueshan Lidström","Täfteå IK /Sävar IK","Period2","Slag",2,"IBF Dalen - Täfteå IK /Sävar IK","Albin Berglund","Linus Berglund","Albin Berglund, Linus Berglund"
"54",54,"Utvisning","01:16",NA,"Wilma Wendén","Rönnskär Railcare IF","Period3","Obstruktion",2,"Rönnskär Railcare IF - Kågedalens AIF","Joakim Broman","Samuel Sundqvist","Joakim Broman, Samuel Sundqvist"
"55",55,"Utvisning","08:50",NA,"Alice Holmbom","Kågedalens AIF","Period3","Hårt spel 2",2,"Rönnskär Railcare IF - Kågedalens AIF","Joakim Broman","Samuel Sundqvist","Joakim Broman, Samuel Sundqvist"
"56",56,"Utvisning","17:23",NA,"Ebba Elenius","Rönnskär Railcare IF","Period3","Obstruktion",2,"Rönnskär Railcare IF - Kågedalens AIF","Joakim Broman","Samuel Sundqvist","Joakim Broman, Samuel Sundqvist"
"57",57,"Utvisning","17:23",NA,"Lisabeth Öhlin","Kågedalens AIF","Period3","Obstruktion",2,"Rönnskär Railcare IF - Kågedalens AIF","Joakim Broman","Samuel Sundqvist","Joakim Broman, Samuel Sundqvist"
"58",58,"Utvisning","11:51",NA,"Hilda Enmark","Clemensnäs IF /Bureå IF","Period2","Slag",2,"Gamla Stan IBK - Clemensnäs IF /Bureå IF","Lasse Ekesryd","Bobby Hjelte","Lasse Ekesryd, Bobby Hjelte"
"59",59,"Utvisning","11:41",NA,"Hannah Gidlund","Örnsköldsvik IBK /IBF","Period2","Slag",2,"Umeå City IBF - Örnsköldsvik IBK /IBF","Tony Strindlund","Fredrik Söderholm","Tony Strindlund, Fredrik Söderholm"
"60",60,"Utvisning","12:59",NA,"Lisa Karlsson","Umeå City IBF","Period3","Nick",2,"Umeå City IBF - Örnsköldsvik IBK /IBF","Tony Strindlund","Fredrik Söderholm","Tony Strindlund, Fredrik Söderholm"
"61",61,"Utvisning","13:56",NA,"Selina Tossavainen","Gimonäs Umeå IF","Period1","Slag",2,"Gimonäs Umeå IF - Clemensnäs IF /Bureå IF","Marcus Glad","Rasmus Säfvenberg","Marcus Glad, Rasmus Säfvenberg"
"62",62,"Utvisning","01:03",NA,"Ängla Bergström","Clemensnäs IF /Bureå IF","Period2","Slag",2,"Gimonäs Umeå IF - Clemensnäs IF /Bureå IF","Marcus Glad","Rasmus Säfvenberg","Marcus Glad, Rasmus Säfvenberg"
"63",63,"Utvisning","03:41",NA,"Amanda Karlsson","Gimonäs Umeå IF","Period3","Otillåten trängning",2,"Gimonäs Umeå IF - Clemensnäs IF /Bureå IF","Marcus Glad","Rasmus Säfvenberg","Marcus Glad, Rasmus Säfvenberg"
"64",64,"Utvisning","05:27",NA,"Miriam Hellberg","Clemensnäs IF /Bureå IF","Period3","Hårt spel 2",2,"Gimonäs Umeå IF - Clemensnäs IF /Bureå IF","Marcus Glad","Rasmus Säfvenberg","Marcus Glad, Rasmus Säfvenberg"
"65",65,"Utvisning","15:41",NA,"Nea Englund-Jonsson","Clemensnäs IF /Bureå IF","Period3","Slag",2,"Gimonäs Umeå IF - Clemensnäs IF /Bureå IF","Marcus Glad","Rasmus Säfvenberg","Marcus Glad, Rasmus Säfvenberg"
"66",66,"Utvisning","14:50",NA,"Lisa Karlsson","Umeå City IBF","Period3","Slag",2,"Umeå City IBF - Rönnskär Railcare IF","Gustav Broadhall","Daniel Johannesson","Gustav Broadhall, Daniel Johannesson"
"67",67,"Utvisning","13:54",NA,"Alice Holmbom","Kågedalens AIF","Period1","Slag",2,"Kågedalens AIF - Örnsköldsvik IBK /IBF","Lasse Ekesryd","Jörgen Lundberg","Lasse Ekesryd, Jörgen Lundberg"
"68",68,"Utvisning","02:33",NA,"Monica Jusu Bah","Umeå City IBF","Period2","Lyftning av klubba",2,"Spöland Vännäs IF - Umeå City IBF","Alvina Mukkala","Peter Saari","Alvina Mukkala, Peter Saari"
"69",69,"Utvisning","07:02",NA,"Felicia Svanberg Häggström","Umeå City IBF","Period2","Farligt spel",5,"Spöland Vännäs IF - Umeå City IBF","Alvina Mukkala","Peter Saari","Alvina Mukkala, Peter Saari"
"70",70,"Utvisning","12:16",NA,"Lisa Karlsson","Umeå City IBF","Period2","Obstruktion",2,"Spöland Vännäs IF - Umeå City IBF","Alvina Mukkala","Peter Saari","Alvina Mukkala, Peter Saari"
"71",71,"Utvisning","14:40",NA,"Fanny Aggevall","Spöland Vännäs IF","Period2","Obstruktion",2,"Spöland Vännäs IF - Umeå City IBF","Alvina Mukkala","Peter Saari","Alvina Mukkala, Peter Saari"
"72",72,"Utvisning","06:09",NA,"Klara-Marie Laggar","Spöland Vännäs IF","Period2","Slag",2,"Gimonäs Umeå IF - Spöland Vännäs IF","Andreas Eriksson","Mattias Karlsson","Andreas Eriksson, Mattias Karlsson"
"73",73,"Utvisning","20:00",NA,"Isabell Stens","Gimonäs Umeå IF","Period3","Slag",2,"Gimonäs Umeå IF - Spöland Vännäs IF","Andreas Eriksson","Mattias Karlsson","Andreas Eriksson, Mattias Karlsson"
"74",74,"Utvisning","18:59",NA,"Tuva Dahlin","Sävar IK/Täfteå IK","Period3","Otillåten trängning",2,"Rönnskär Railcare IF - Sävar IK/Täfteå IK","Joakim Broman","Andreas Åström","Joakim Broman, Andreas Åström"
"75",75,"Utvisning","06:54",NA,"Cajsa Lundkvist","IBF Dalen","Period2","Slag",2,"IBF Dalen - Gullänget-Kroksta IBS"," "," ","  "
"76",76,"Utvisning","00:36",NA,"Kajsa Cederlund","Gamla Stan IBK","Period1","Felaktigt avstånd",2,"Kågedalens AIF - Gamla Stan IBK"," "," ","  "
"77",77,"Utvisning","01:20",NA,"Lina Söderlund","Kågedalens AIF","Period1","Slag",2,"Kågedalens AIF - Gamla Stan IBK"," "," ","  "
"78",78,"Utvisning","10:52",NA,"Ellen Fahlgren","Gamla Stan IBK","Period2","Otillåten trängning",2,"Kågedalens AIF - Gamla Stan IBK"," "," ","  "
"79",79,"Utvisning","15:37",NA,"Klara Lindblom","Gamla Stan IBK","Period2","Slag",2,"Kågedalens AIF - Gamla Stan IBK"," "," ","  "
"80",80,"Utvisning","17:46",NA,"Lina Söderlund","Kågedalens AIF","Period2","Hårt spel 2",2,"Kågedalens AIF - Gamla Stan IBK"," "," ","  "
"81",81,"Utvisning","19:40",NA,"Kajsa Cederlund","Gamla Stan IBK","Period2","För många spelare på plan",2,"Kågedalens AIF - Gamla Stan IBK"," "," ","  "
"82",82,"Utvisning","14:39",NA,"Alice Holmbom","Kågedalens AIF","Period3","Slag",2,"Kågedalens AIF - Gamla Stan IBK"," "," ","  "
"83",83,"Utvisning","00:18",NA,"Tinde Häggmark","Sävar IK/Täfteå IK","Period1","Otillåten trängning",2,"Sävar IK/Täfteå IK - Clemensnäs IF /Bureå IF","Lasse Ekesryd","Andreas Åström","Lasse Ekesryd, Andreas Åström"
"84",84,"Utvisning","06:41",NA,"Emma Kröger","Sävar IK/Täfteå IK","Period1","Otillåten trängning",2,"Sävar IK/Täfteå IK - Clemensnäs IF /Bureå IF","Lasse Ekesryd","Andreas Åström","Lasse Ekesryd, Andreas Åström"
"85",85,"Utvisning","07:51",NA,"Emma Enholm","Sävar IK/Täfteå IK","Period1","Otillåten trängning",2,"Sävar IK/Täfteå IK - Clemensnäs IF /Bureå IF","Lasse Ekesryd","Andreas Åström","Lasse Ekesryd, Andreas Åström"
"86",86,"Utvisning","15:05",NA,"Anna Viklund","Clemensnäs IF /Bureå IF","Period1","Slag",2,"Sävar IK/Täfteå IK - Clemensnäs IF /Bureå IF","Lasse Ekesryd","Andreas Åström","Lasse Ekesryd, Andreas Åström"
"87",87,"Utvisning","19:26",NA,"Emmy Sjöberg","Sävar IK/Täfteå IK","Period1","Otillåten trängning",2,"Sävar IK/Täfteå IK - Clemensnäs IF /Bureå IF","Lasse Ekesryd","Andreas Åström","Lasse Ekesryd, Andreas Åström"
"88",88,"Utvisning","07:52",NA,"Selma Wikberg","Clemensnäs IF /Bureå IF","Period2","Felaktigt avstånd",2,"Sävar IK/Täfteå IK - Clemensnäs IF /Bureå IF","Lasse Ekesryd","Andreas Åström","Lasse Ekesryd, Andreas Åström"
"89",89,"Utvisning","11:08",NA,"Tilda Nylander","Sävar IK/Täfteå IK","Period2","Otillåten trängning",2,"Sävar IK/Täfteå IK - Clemensnäs IF /Bureå IF","Lasse Ekesryd","Andreas Åström","Lasse Ekesryd, Andreas Åström"
"90",90,"Utvisning","19:12",NA,"Tuva Dahlin","Sävar IK/Täfteå IK","Period3","Slag",2,"Sävar IK/Täfteå IK - Clemensnäs IF /Bureå IF","Lasse Ekesryd","Andreas Åström","Lasse Ekesryd, Andreas Åström"
"91",91,"Utvisning","08:00",NA,"Tuva Dahlin","Sävar IK/Täfteå IK","Period2","Slag",2,"IBF Dalen - Sävar IK/Täfteå IK","Albin Berglund","Linus Berglund","Albin Berglund, Linus Berglund"
"92",92,"Utvisning","11:49",NA,"Thea Malmström","Gamla Stan IBK","Period2","Slag",2,"Gullänget-Kroksta IBS - Gamla Stan IBK","Mikael Berglund","Stefan Nyberg","Mikael Berglund, Stefan Nyberg"
"93",93,"Utvisning","17:51",NA,"Nova Sundin","Rönnskär Railcare IF","Period2","Slag",2,"Rönnskär Railcare IF - Umeå City IBF","Lasse Ekesryd","Andreas Åström","Lasse Ekesryd, Andreas Åström"
"94",94,"Utvisning","13:36",NA,"Ebba Abrahamsson","Umeå City IBF","Period3","Slag",2,"Rönnskär Railcare IF - Umeå City IBF","Lasse Ekesryd","Andreas Åström","Lasse Ekesryd, Andreas Åström"
"95",95,"Utvisning","07:15",NA,"Tilda Nylander","Sävar IK/Täfteå IK","Period2","Slag",2,"Sävar IK/Täfteå IK - IBF Dalen","David Karlsson","Isak Lindeberg Svensson","David Karlsson, Isak Lindeberg Svensson"
"96",96,"Utvisning","18:12",NA,"","","Period1","Låsning av klubba",2,"Umeå City IBF - Clemensnäs IF /Bureå IF","Lasse Ekesryd","Ville Hedsberg","Lasse Ekesryd, Ville Hedsberg"
"97",97,"Utvisning","03:25",NA,"Nea Nyberg","Umeå City IBF","Period2","Fasthållning",2,"Umeå City IBF - Clemensnäs IF /Bureå IF","Lasse Ekesryd","Ville Hedsberg","Lasse Ekesryd, Ville Hedsberg"
"98",98,"Utvisning","09:14",NA,"Elin Broddeskog","Umeå City IBF","Period3","Felaktigt avstånd",2,"Umeå City IBF - Clemensnäs IF /Bureå IF","Lasse Ekesryd","Ville Hedsberg","Lasse Ekesryd, Ville Hedsberg"
"99",99,"Utvisning","14:02",NA,"Emma Arnebrant","Gullänget-Kroksta IBS","Period1","För många spelare på plan",2,"Gullänget-Kroksta IBS - Umeå City IBF","Mikael Körning","Anders Öbergh","Mikael Körning, Anders Öbergh"
"100",100,"Utvisning","15:08",NA,"Mimmi Hansson","Gullänget-Kroksta IBS","Period1","Otillåten trängning",2,"Gullänget-Kroksta IBS - Umeå City IBF","Mikael Körning","Anders Öbergh","Mikael Körning, Anders Öbergh"
"101",101,"Utvisning","03:43",NA,"Tindra Bylund","Gullänget-Kroksta IBS","Period2","Otillåten trängning",2,"Gullänget-Kroksta IBS - Umeå City IBF","Mikael Körning","Anders Öbergh","Mikael Körning, Anders Öbergh"
"102",102,"Utvisning","15:37",NA,"Felicia Svanberg Häggström","Umeå City IBF","Period2","Felaktigt avstånd",2,"Gullänget-Kroksta IBS - Umeå City IBF","Mikael Körning","Anders Öbergh","Mikael Körning, Anders Öbergh"
"103",103,"Utvisning","17:01",NA,"Lisa Karlsson","Umeå City IBF","Period2","Obstruktion",2,"Gullänget-Kroksta IBS - Umeå City IBF","Mikael Körning","Anders Öbergh","Mikael Körning, Anders Öbergh"
"104",104,"Utvisning","13:13",NA,"Clara Nilsson","Umeå City IBF","Period3","Slag",2,"Gullänget-Kroksta IBS - Umeå City IBF","Mikael Körning","Anders Öbergh","Mikael Körning, Anders Öbergh"
"105",105,"Utvisning","06:52",NA,"Nova Sundin","Rönnskär Railcare IF","Period3","Otillåten trängning",2,"Rönnskär Railcare IF - Gimonäs Umeå IF","Lasse Ekesryd","Ville Hedsberg","Lasse Ekesryd, Ville Hedsberg"
"106",106,"Utvisning","14:28",NA,"Fanny Wiklund","Skellefteå IBK","Period2","Slag",2,"Ersboda SK - Skellefteå IBK","Andreas Eriksson","Peter Poopuu","Andreas Eriksson, Peter Poopuu"
"107",107,"Utvisning","16:53",NA,"Ronja Nilsson","Ersboda SK","Period2","Slag",2,"Ersboda SK - Skellefteå IBK","Andreas Eriksson","Peter Poopuu","Andreas Eriksson, Peter Poopuu"
"108",108,"Utvisning","11:45",NA,"Viktoria Nordqvist","IBF Dalen","Period1","Slag",2,"Umeå City IBF - IBF Dalen","Roger Karlsson","Peter Poopuu","Roger Karlsson, Peter Poopuu"
"109",109,"Utvisning","08:52",NA,"Ella Wallmark","Umeå City IBF","Period2","Slag",2,"Umeå City IBF - IBF Dalen","Roger Karlsson","Peter Poopuu","Roger Karlsson, Peter Poopuu"
"110",110,"Utvisning","13:47",NA,"Ellen Fahlgren","Gamla Stan IBK","Period3","Otillåten trängning",2,"Gamla Stan IBK - Örnsköldsvik IBK /IBF","Maria Dahlin","Elin Lindgren","Maria Dahlin, Elin Lindgren"
"111",111,"Utvisning","19:28",NA,"Matilda Karlsson","IBF Dalen/Sandåkerns SK","Period3","Lyftning av klubba",2,"Ersboda SK - IBF Dalen/Sandåkerns SK","Andreas Eriksson","Mattias Karlsson","Andreas Eriksson, Mattias Karlsson"
"112",112,"Utvisning","04:48",NA,"Tinde Häggmark","Sävar IK/Täfteå IK","Period1","Slag",2,"Sävar IK/Täfteå IK - Gullänget-Kroksta IBS","Albin Berglund","Linus Berglund","Albin Berglund, Linus Berglund"
"113",113,"Utvisning","14:30",NA,"Agnes Viström","Gullänget-Kroksta IBS","Period1","Slag",2,"Sävar IK/Täfteå IK - Gullänget-Kroksta IBS","Albin Berglund","Linus Berglund","Albin Berglund, Linus Berglund"
"114",114,"Utvisning","16:28",NA,"Ellen Dahlin","Gullänget-Kroksta IBS","Period2","Slag",2,"Sävar IK/Täfteå IK - Gullänget-Kroksta IBS","Albin Berglund","Linus Berglund","Albin Berglund, Linus Berglund"
"115",115,"Utvisning","05:15",NA,"My Wikström","Sävar IK/Täfteå IK","Period3","Slag",2,"Sävar IK/Täfteå IK - Gullänget-Kroksta IBS","Albin Berglund","Linus Berglund","Albin Berglund, Linus Berglund"
"116",116,"Utvisning","10:02",NA,"Tindra Bylund","Gullänget-Kroksta IBS","Period3","Hög klubba",2,"Sävar IK/Täfteå IK - Gullänget-Kroksta IBS","Albin Berglund","Linus Berglund","Albin Berglund, Linus Berglund"
"117",117,"Utvisning","19:10",NA,"Fanny Ahlard","Clemensnäs IF /Bureå IF","Period1","Felaktigt byte",2,"Gamla Stan IBK - Clemensnäs IF /Bureå IF","Joakim Broman","Ville Hedsberg","Joakim Broman, Ville Hedsberg"
"118",118,"Utvisning","04:30",NA,"Thea Boström","Gamla Stan IBK","Period3","Slag",2,"Gamla Stan IBK - Clemensnäs IF /Bureå IF","Joakim Broman","Ville Hedsberg","Joakim Broman, Ville Hedsberg"
"119",119,"Utvisning","09:14",NA,"Alicia Holmgren","Skellefteå IBK","Period3","Hårt spel 2",2,"Skellefteå IBK - IKSU","Daniel Degerman","Micael Holmbom","Daniel Degerman, Micael Holmbom"
"120",120,"Utvisning","10:55",NA,"Maja Sjöström","IBF Dalen","Period1","Låsning av klubba",2,"Sävar IK/Täfteå IK - IBF Dalen","Daniel Johannesson","David Karlsson","Daniel Johannesson, David Karlsson"
"121",121,"Utvisning","13:22",NA,"Tuva Dahlin","Sävar IK/Täfteå IK","Period2","Slag",2,"Sävar IK/Täfteå IK - IBF Dalen","Daniel Johannesson","David Karlsson","Daniel Johannesson, David Karlsson"
"122",122,"Utvisning","10:42",NA,"Veronica Boman","Ersboda SK","Period1","Protest mot domslut",2,"Ersboda SK - Skellefteå IBK","Klas Höglund","Christoffer Lind","Klas Höglund, Christoffer Lind"
"123",123,"Utvisning","12:12",NA,"Nea Nyberg","Umeå City IBF","Period2","Slag",2,"Örnsköldsvik IBK /IBF - Umeå City IBF","Kim Fallbjörk","Rasmus Säfvenberg","Kim Fallbjörk, Rasmus Säfvenberg"
"124",124,"Utvisning","15:25",NA,"Alva Åsberg","IKSU","Period1","Hårt spel 2",2,"IKSU - IBF Dalen/Sandåkerns SK","David Karlsson","Rasmus Säfvenberg","David Karlsson, Rasmus Säfvenberg"
"125",125,"Utvisning","15:25",NA,"Marlene Karlsson","IBF Dalen/Sandåkerns SK","Period1","Fasthållning",2,"IKSU - IBF Dalen/Sandåkerns SK","David Karlsson","Rasmus Säfvenberg","David Karlsson, Rasmus Säfvenberg"
"126",126,"Utvisning","17:43",NA,"Tilia Walderhaug Sedic","Umeå City IBF","Period3","Slag",2,"Rönnskär Railcare IF - Umeå City IBF","Joakim Broman","Daniel Degerman","Joakim Broman, Daniel Degerman"
"127",127,"Utvisning","18:15",NA,"Alva Åsberg","IKSU","Period1","Otillåten trängning",2,"IKSU - Ersboda SK","Roger Karlsson","Robert Segerstedt","Roger Karlsson, Robert Segerstedt"
"128",128,"Utvisning","08:08",NA,"Agnes Plogner","IKSU","Period2","Otillåten trängning",2,"IKSU - Ersboda SK","Roger Karlsson","Robert Segerstedt","Roger Karlsson, Robert Segerstedt"
"129",129,"Utvisning","03:32",NA,"Lina Näsström","Ersboda SK","Period3","Låsning av klubba",2,"IKSU - Ersboda SK","Roger Karlsson","Robert Segerstedt","Roger Karlsson, Robert Segerstedt"
"130",130,"Utvisning","16:48",NA,"Alva Åsberg","IKSU","Period3","Slag",2,"IKSU - Ersboda SK","Roger Karlsson","Robert Segerstedt","Roger Karlsson, Robert Segerstedt"
"131",131,"Utvisning","09:11",NA,"Bhadra Löf Söderman","IBF Dalen/Sandåkerns SK","Period1","Slag",2,"Skellefteå IBK - IBF Dalen/Sandåkerns SK","Daniel Degerman","Micael Holmbom","Daniel Degerman, Micael Holmbom"
"132",132,"Utvisning","03:24",NA,"Emma Carlsson Warg","Kågedalens AIF","Period1","För många spelare på plan",2,"Kågedalens AIF - Örnsköldsvik IBK /IBF","Mikael Körning","Peder Lövdahl","Mikael Körning, Peder Lövdahl"
"133",133,"Utvisning","13:31",NA,"Angie Hillergren","Kågedalens AIF","Period3","Protest mot domslut",2,"Kågedalens AIF - Örnsköldsvik IBK /IBF","Mikael Körning","Peder Lövdahl","Mikael Körning, Peder Lövdahl"
"134",134,"Utvisning","19:36",NA,"Hedvig Forsgren","Rönnskär Railcare IF","Period1","Lyftning av klubba",2,"Rönnskär Railcare IF - Gamla Stan IBK","Joakim Broman","Samuel Sundqvist","Joakim Broman, Samuel Sundqvist"
"135",135,"Utvisning","06:43",NA,"Nova Sundin","Rönnskär Railcare IF","Period3","Osportsligt uppträdande",12,"Rönnskär Railcare IF - Gamla Stan IBK","Joakim Broman","Samuel Sundqvist","Joakim Broman, Samuel Sundqvist"
"136",136,"Utvisning","15:53",NA,"Nova Sundin","Rönnskär Railcare IF","Period3","Låsning av klubba",2,"Rönnskär Railcare IF - Gamla Stan IBK","Joakim Broman","Samuel Sundqvist","Joakim Broman, Samuel Sundqvist"
"137",137,"Utvisning","17:54",NA,"Tuva Dahlin","Sävar IK/Täfteå IK","Period1","Otillåten trängning",2,"Sävar IK/Täfteå IK - Gullänget-Kroksta IBS","Boo Hydling","Göran Norberg","Boo Hydling, Göran Norberg"
"138",138,"Utvisning","06:54",NA,"Cajsa Lundkvist","IBF Dalen","Period2","Slag",2,"IBF Dalen - Gullänget-Kroksta IBS","Erik Hörnros","Jimmy Norlund","Erik Hörnros, Jimmy Norlund"
"139",139,"Utvisning","15:57",NA,"Tuva Karlsson","Umeå City IBF","Period3","Slag",2,"Umeå City IBF - Sävar IK/Täfteå IK","Klas Höglund","Rasmus Säfvenberg","Klas Höglund, Rasmus Säfvenberg"
"140",140,"Utvisning","17:33",NA,"Elsa Lindgren","Obbola IK","Period2","Slag",2,"Obbola IK - IBF Dalen/Sandåkerns SK","Bjarne Andersson","Ulf Stödberg","Bjarne Andersson, Ulf Stödberg"
"141",141,"Utvisning","17:14",NA,"Nea Nyberg","Umeå City IBF","Period2","Fasthållning",2,"Gamla Stan IBK - Umeå City IBF","Joakim Broman","Micael Holmbom","Joakim Broman, Micael Holmbom"
"142",142,"Utvisning","11:24",NA,"Agnes Fahlgren","Gamla Stan IBK","Period3","Otillåten trängning",2,"Gamla Stan IBK - Umeå City IBF","Joakim Broman","Micael Holmbom","Joakim Broman, Micael Holmbom"
"143",143,"Utvisning","14:30",NA,"Alva Vesterlund","Holmsund City IBC/GUIF","Period1","Slag",2,"Holmsund City IBC/GUIF - Skellefteå IBK","Kim Fallbjörk","Rasmus Säfvenberg","Kim Fallbjörk, Rasmus Säfvenberg"
"144",144,"Utvisning","15:36",NA,"Hanna Sundström","Holmsund City IBC/GUIF","Period3","Otillåten trängning",2,"Holmsund City IBC/GUIF - Skellefteå IBK","Kim Fallbjörk","Rasmus Säfvenberg","Kim Fallbjörk, Rasmus Säfvenberg"
"145",145,"Utvisning","07:34",NA,"Alice Danielsson","IBF Dalen","Period1","Felaktigt byte",2,"Clemensnäs IF /Bureå IF - IBF Dalen","Julia Fältén","Alvina Mukkala","Julia Fältén, Alvina Mukkala"
"146",146,"Utvisning","16:30",NA,"Miriam Hellberg","Clemensnäs IF /Bureå IF","Period1","Obstruktion",2,"Clemensnäs IF /Bureå IF - IBF Dalen","Julia Fältén","Alvina Mukkala","Julia Fältén, Alvina Mukkala"
"147",147,"Utvisning","00:34",NA,"Anna Viklund","Clemensnäs IF /Bureå IF","Period2","Slag",2,"Clemensnäs IF /Bureå IF - IBF Dalen","Julia Fältén","Alvina Mukkala","Julia Fältén, Alvina Mukkala"
"148",148,"Utvisning","14:22",NA,"Nea Englund-Jonsson","Clemensnäs IF /Bureå IF","Period2","Slag",2,"Clemensnäs IF /Bureå IF - IBF Dalen","Julia Fältén","Alvina Mukkala","Julia Fältén, Alvina Mukkala"
"149",149,"Utvisning","15:36",NA,"Wilma Lilliesköld","IBF Dalen","Period2","Otillåten trängning",2,"Clemensnäs IF /Bureå IF - IBF Dalen","Julia Fältén","Alvina Mukkala","Julia Fältén, Alvina Mukkala"
"150",150,"Utvisning","16:47",NA,"Miriam Hellberg","Clemensnäs IF /Bureå IF","Period2","Slag",2,"Clemensnäs IF /Bureå IF - IBF Dalen","Julia Fältén","Alvina Mukkala","Julia Fältén, Alvina Mukkala"
"151",151,"Utvisning","19:18",NA,"Hilda Enmark","Clemensnäs IF /Bureå IF","Period2","Protest mot domslut",2,"Clemensnäs IF /Bureå IF - IBF Dalen","Julia Fältén","Alvina Mukkala","Julia Fältén, Alvina Mukkala"
"152",152,"Utvisning","06:25",NA,"Madeleine Lundmark","Ersboda SK","Period1","Hög klubba",2,"Ersboda SK - Vindelns IF","Björn Glad","Daniel Johannesson","Björn Glad, Daniel Johannesson"
"153",153,"Utvisning","17:42",NA,"Alva Pettersson","Kågedalens AIF","Period1","Slag",2,"Kågedalens AIF - Sävar IK/Täfteå IK","Ville Hedsberg","Andreas Åström","Ville Hedsberg, Andreas Åström"
"154",154,"Utvisning","10:24",NA,"Angelica Nyström","Rönnskär Railcare IF","Period3","Otillåten trängning",2,"Gullänget-Kroksta IBS - Rönnskär Railcare IF","Boo Hydling","Ivica Matanovic","Boo Hydling, Ivica Matanovic"
"155",155,"Utvisning","17:12",NA,"Saga Hunesjö","Rönnskär Railcare IF","Period3","Otillåten trängning",2,"Gullänget-Kroksta IBS - Rönnskär Railcare IF","Boo Hydling","Ivica Matanovic","Boo Hydling, Ivica Matanovic"
"156",156,"Utvisning","13:48",NA,"Monica Jusu Bah","Umeå City IBF","Period2","Otillåten trängning",2,"Umeå City IBF - Rönnskär Railcare IF","Tilde Wikström","Sanna Åslin","Tilde Wikström, Sanna Åslin"
"157",157,"Utvisning","10:45",NA,"Elin Broddeskog","Umeå City IBF","Period3","Felaktigt avstånd",2,"Umeå City IBF - Rönnskär Railcare IF","Tilde Wikström","Sanna Åslin","Tilde Wikström, Sanna Åslin"
"158",158,"Utvisning","12:20",NA,"Lisabeth Öhlin","Kågedalens AIF","Period2","Felaktigt byte",2,"Kågedalens AIF - IBF Dalen","Ville Hedsberg","Micael Holmbom","Ville Hedsberg, Micael Holmbom"
"159",159,"Utvisning","16:24",NA,"Alva Grönlund","IBF Dalen","Period2","Fasthållning",2,"Kågedalens AIF - IBF Dalen","Ville Hedsberg","Micael Holmbom","Ville Hedsberg, Micael Holmbom"
"160",160,"Utvisning","01:37",NA,"Lina Söderlund","Kågedalens AIF","Period3","Slag",2,"Kågedalens AIF - IBF Dalen","Ville Hedsberg","Micael Holmbom","Ville Hedsberg, Micael Holmbom"
"161",161,"Utvisning","07:06",NA,"Elin Andersson","IBF Dalen/Sandåkerns SK","Period3","Slag",2,"Holmsund City IBC/GUIF - IBF Dalen/Sandåkerns SK","Andreas Eriksson","Mattias Karlsson","Andreas Eriksson, Mattias Karlsson"
"162",162,"Utvisning","12:08",NA,"Johanna Bergdahl","IBF Dalen/Sandåkerns SK","Period3","Slag",2,"Holmsund City IBC/GUIF - IBF Dalen/Sandåkerns SK","Andreas Eriksson","Mattias Karlsson","Andreas Eriksson, Mattias Karlsson"
"163",163,"Utvisning","19:03",NA,"Sandra Ålevik","Holmsund City IBC/GUIF","Period3","Ej angiven förseelse",2,"Holmsund City IBC/GUIF - IBF Dalen/Sandåkerns SK","Andreas Eriksson","Mattias Karlsson","Andreas Eriksson, Mattias Karlsson"
"164",164,"Utvisning","06:27",NA,"Lina Söderlund","Kågedalens AIF","Period2","Slag",2,"Sävar IK/Täfteå IK - Kågedalens AIF","Manuel Garzon","Rasmus Säfvenberg","Manuel Garzon, Rasmus Säfvenberg"
"165",165,"Utvisning","14:56",NA,"Emma Enholm","Sävar IK/Täfteå IK","Period2","Otillåten trängning",2,"Sävar IK/Täfteå IK - Kågedalens AIF","Manuel Garzon","Rasmus Säfvenberg","Manuel Garzon, Rasmus Säfvenberg"
"166",166,"Utvisning","15:05",NA,"Lisabeth Öhlin","Kågedalens AIF","Period3","Hög klubba",2,"Sävar IK/Täfteå IK - Kågedalens AIF","Manuel Garzon","Rasmus Säfvenberg","Manuel Garzon, Rasmus Säfvenberg"
"167",167,"Utvisning","18:51",NA,"Naj Ma Deria","Ersboda SK","Period2","Otillåten trängning",2,"Röbäcks IF - Ersboda SK","Björn Glad","Thanasis Provatas","Björn Glad, Thanasis Provatas"
"168",168,"Utvisning","10:29",NA,"Jonna Lönn","Röbäcks IF","Period3","Otillåten trängning",2,"Röbäcks IF - Ersboda SK","Björn Glad","Thanasis Provatas","Björn Glad, Thanasis Provatas"
"169",169,"Utvisning","18:51",NA,"Naj Ma Deria","Ersboda SK","Period3","Felaktigt avstånd",2,"Röbäcks IF - Ersboda SK","Björn Glad","Thanasis Provatas","Björn Glad, Thanasis Provatas"
"170",170,"Utvisning","05:58",NA,"Frida Jonsson","Gamla Stan IBK","Period3","Slag",2,"Gamla Stan IBK - Umeå City IBF","Erik Hörnros","Jimmy Norlund","Erik Hörnros, Jimmy Norlund"
"171",171,"Utvisning","16:50",NA,"Tilia Walderhaug Sedic","Umeå City IBF","Period3","Fasthållning",2,"Gamla Stan IBK - Umeå City IBF","Erik Hörnros","Jimmy Norlund","Erik Hörnros, Jimmy Norlund"
"172",172,"Utvisning","05:27",NA,"Emmeline Lundmark","Skellefteå IBK","Period1","Slag",2,"Skellefteå IBK - Obbola IK","Andreas Eriksson","Mattias Karlsson","Andreas Eriksson, Mattias Karlsson"
"173",173,"Utvisning","05:12",NA,"Gabriella Sjöstedt","Obbola IK","Period2","Slag",2,"Skellefteå IBK - Obbola IK","Andreas Eriksson","Mattias Karlsson","Andreas Eriksson, Mattias Karlsson"
"174",174,"Utvisning","12:22",NA,"Ebba Nilsson","Skellefteå IBK","Period2","Otillåten trängning",2,"Skellefteå IBK - Obbola IK","Andreas Eriksson","Mattias Karlsson","Andreas Eriksson, Mattias Karlsson"
"175",175,"Utvisning","05:35",NA,"Elin Olsson","Obbola IK","Period3","Otillåten trängning",2,"Skellefteå IBK - Obbola IK","Andreas Eriksson","Mattias Karlsson","Andreas Eriksson, Mattias Karlsson"
"176",176,"Utvisning","15:16",NA,"Ella Bergström","Rönnskär Railcare IF","Period2","Slag",2,"Rönnskär Railcare IF - Gullänget-Kroksta IBS","Lasse Ekesryd","Bobby Hjelte","Lasse Ekesryd, Bobby Hjelte"
"177",177,"Utvisning","15:16",NA,"Moa Undin","Holmsund City IBC/GUIF","Period2","Låsning av klubba",2,"IBF Dalen - Holmsund City IBC/GUIF","Mattias Karlsson","Lisa Vestman","Mattias Karlsson, Lisa Vestman"
"178",178,"Utvisning","06:32",NA,"Julia Näslund","Holmsund City IBC/GUIF","Period3","Slag",2,"IBF Dalen - Holmsund City IBC/GUIF","Mattias Karlsson","Lisa Vestman","Mattias Karlsson, Lisa Vestman"
"179",179,"Utvisning","08:59",NA,"Nora Jonsson","IBF Dalen","Period3","Otillåten trängning",2,"IBF Dalen - Holmsund City IBC/GUIF","Mattias Karlsson","Lisa Vestman","Mattias Karlsson, Lisa Vestman"
"180",180,"Utvisning","09:44",NA,"Nelly Saari","Spöland Vännäs IF","Period3","Otillåten trängning",2,"Spöland Vännäs IF - IBF Dalen","Alvina Mukkala","Robert Segerstedt","Alvina Mukkala, Robert Segerstedt"
"181",181,"Utvisning","18:03",NA,"Camilla Wallin","Spöland Vännäs IF","Period3","Hårt spel 2",2,"Spöland Vännäs IF - IBF Dalen","Alvina Mukkala","Robert Segerstedt","Alvina Mukkala, Robert Segerstedt"
"182",182,"Utvisning","19:40",NA,"Elsa Holmberg","Röbäcks IF","Period2","Slag",2,"Vindelns IF - Röbäcks IF","David Karlsson","Mattias Karlsson","David Karlsson, Mattias Karlsson"
"183",183,"Utvisning","01:09",NA,"Victoria Wilhelmsson-Andersson","Röbäcks IF","Period3","Slag",2,"Vindelns IF - Röbäcks IF","David Karlsson","Mattias Karlsson","David Karlsson, Mattias Karlsson"
"184",184,"Utvisning","01:48",NA,"Ellen Lundberg","Vindelns IF","Period3","Slag",2,"Vindelns IF - Röbäcks IF","David Karlsson","Mattias Karlsson","David Karlsson, Mattias Karlsson"
"185",185,"Utvisning","01:16",NA,"Wilma Wendén","Rönnskär Railcare IF","Period3","Obstruktion",2,"Rönnskär Railcare IF - Kågedalens AIF"," "," ","  "
"186",186,"Utvisning","08:50",NA,"Alice Holmbom","Kågedalens AIF","Period3","Hårt spel 2",2,"Rönnskär Railcare IF - Kågedalens AIF"," "," ","  "
"187",187,"Utvisning","17:23",NA,"Ebba Elenius","Rönnskär Railcare IF","Period3","Obstruktion",2,"Rönnskär Railcare IF - Kågedalens AIF"," "," ","  "
"188",188,"Utvisning","17:23",NA,"Lisabeth Öhlin","Kågedalens AIF","Period3","Obstruktion",2,"Rönnskär Railcare IF - Kågedalens AIF"," "," ","  "
"189",189,"Utvisning","09:12",NA,"Hanna Sundström","Holmsund City IBC/GUIF","Period2","Felaktigt avstånd",2,"Holmsund City IBC/GUIF - Obbola IK","Kim Fallbjörk","Robert Segerstedt","Kim Fallbjörk, Robert Segerstedt"
"190",190,"Utvisning","10:15",NA,"Alva Engström","Holmsund City IBC/GUIF","Period2","Slag",2,"Holmsund City IBC/GUIF - Obbola IK","Kim Fallbjörk","Robert Segerstedt","Kim Fallbjörk, Robert Segerstedt"
"191",191,"Utvisning","11:46",NA,"Moa Olsson","Obbola IK","Period3","Felaktigt avstånd",2,"Holmsund City IBC/GUIF - Obbola IK","Kim Fallbjörk","Robert Segerstedt","Kim Fallbjörk, Robert Segerstedt"
"192",192,"Utvisning","12:08",NA,"Kajsa Näslund","Holmsund City IBC/GUIF","Period3","Slag",2,"Holmsund City IBC/GUIF - Obbola IK","Kim Fallbjörk","Robert Segerstedt","Kim Fallbjörk, Robert Segerstedt"
"193",193,"Utvisning","18:04",NA,"Alva Bernhardsson","Obbola IK","Period3","Slag",2,"Holmsund City IBC/GUIF - Obbola IK","Kim Fallbjörk","Robert Segerstedt","Kim Fallbjörk, Robert Segerstedt"
"194",194,"Utvisning","03:57",NA,"Alva Engström","Holmsund City IBC/GUIF","Period3","Slag",2,"Holmsund City IBC/GUIF - Spöland Vännäs IF","Alexandra Nimrodsson","Hanna Wendén","Alexandra Nimrodsson, Hanna Wendén"
"195",195,"Utvisning","10:21",NA,"Claudia Saksa","Holmsund City IBC/GUIF","Period3","Felaktigt avstånd",2,"Holmsund City IBC/GUIF - Spöland Vännäs IF","Alexandra Nimrodsson","Hanna Wendén","Alexandra Nimrodsson, Hanna Wendén"
"196",196,"Utvisning","04:48",NA,"Matilda Valtersson","Obbola IK","Period1","Otillåten trängning",2,"IBF Dalen - Obbola IK","Tilde Wikström","Sanna Åslin","Tilde Wikström, Sanna Åslin"
"197",197,"Utvisning","18:22",NA,"Elina Mannelqvist","Obbola IK","Period1","Otillåten trängning",2,"IBF Dalen - Obbola IK","Tilde Wikström","Sanna Åslin","Tilde Wikström, Sanna Åslin"
"198",198,"Utvisning","01:51",NA,"Ida Eriksson","IBF Dalen","Period2","Liggande spel",2,"IBF Dalen - Obbola IK","Tilde Wikström","Sanna Åslin","Tilde Wikström, Sanna Åslin"
"199",199,"Utvisning","10:05",NA,"Julia Wall","IBF Dalen","Period3","Otillåten trängning",2,"IBF Dalen - Obbola IK","Tilde Wikström","Sanna Åslin","Tilde Wikström, Sanna Åslin"
"200",200,"Utvisning","13:37",NA,"Emma Enholm","Täfteå IK /Sävar IK","Period2","Otillåten trängning",2,"Vindelns IF - Täfteå IK /Sävar IK","Julia Fältén","Louise Ramebäck","Julia Fältén, Louise Ramebäck"
"201",201,"Utvisning","17:01",NA,"Tilde Ekblad","Täfteå IK /Sävar IK","Period2","Hårt spel 2",2,"Vindelns IF - Täfteå IK /Sävar IK","Julia Fältén","Louise Ramebäck","Julia Fältén, Louise Ramebäck"
"202",202,"Utvisning","16:32",NA,"Tilda Hamrén","Täfteå IK /Sävar IK","Period1","Hårt spel 2",2,"Spöland Vännäs IF - Täfteå IK /Sävar IK","Alvina Mukkala","Peter Saari","Alvina Mukkala, Peter Saari"
"203",203,"Utvisning","13:54",NA,"Anna Andersdotter","Spöland Vännäs IF","Period3","Obstruktion",2,"Spöland Vännäs IF - Täfteå IK /Sävar IK","Alvina Mukkala","Peter Saari","Alvina Mukkala, Peter Saari"
"204",204,"Utvisning","04:41",NA,"Fanny Wiklund","Skellefteå IBK","Period2","Lyftning av klubba",2,"Skellefteå IBK - IBF Dalen/Sandåkerns SK","Joakim Broman","Andreas Åström","Joakim Broman, Andreas Åström"
"205",205,"Utvisning","02:38",NA,"Moa Nilsson ","Skellefteå IBK","Period3","Felaktigt avstånd",2,"Skellefteå IBK - IBF Dalen/Sandåkerns SK","Joakim Broman","Andreas Åström","Joakim Broman, Andreas Åström"
"206",206,"Utvisning","12:47",NA,"Joella Snickars","Ersboda SK","Period2","Slag",2,"IKSU - Ersboda SK","Bjarne Andersson","Ulf Stödberg","Bjarne Andersson, Ulf Stödberg"
"207",207,"Utvisning","18:54",NA,"Jonna Lönn","Röbäcks IF","Period1","Obstruktion",2,"Röbäcks IF - Skellefteå IBK","David Jonsson","Johan Rönnberg","David Jonsson, Johan Rönnberg"
"208",208,"Utvisning","11:21",NA,"Alicia Holmgren","Skellefteå IBK","Period2","Låsning av klubba",2,"Röbäcks IF - Skellefteå IBK","David Jonsson","Johan Rönnberg","David Jonsson, Johan Rönnberg"
"209",209,"Utvisning","16:59",NA,"Agnes Persson","IBF Dalen","Period3","Slag",2,"IBF Dalen - Spöland Vännäs IF","Mattias Karlsson","Robert Segerstedt","Mattias Karlsson, Robert Segerstedt"
"210",210,"Utvisning","11:11",NA,"Julia Nyberg","Ersboda SK","Period2","Slag",2,"IBF Dalen/Sandåkerns SK - Ersboda SK","Erik Hörnros","Jimmy Norlund","Erik Hörnros, Jimmy Norlund"
"211",211,"Utvisning","12:28",NA,"Elina Snickars","Ersboda SK","Period3","Otillåten trängning",2,"IBF Dalen/Sandåkerns SK - Ersboda SK","Erik Hörnros","Jimmy Norlund","Erik Hörnros, Jimmy Norlund"
"212",212,"Utvisning","08:10",NA,"Frida Jonsson","Gamla Stan IBK","Period2","Slag",2,"Gamla Stan IBK - Sävar IK/Täfteå IK","Andreas Eriksson","Kim Fallbjörk","Andreas Eriksson, Kim Fallbjörk"
"213",213,"Utvisning","01:13",NA,"Emelie Olofsson","Sävar IK/Täfteå IK","Period3","Slag",2,"Gamla Stan IBK - Sävar IK/Täfteå IK","Andreas Eriksson","Kim Fallbjörk","Andreas Eriksson, Kim Fallbjörk"
"214",214,"Utvisning","09:50",NA,"Sara Danielsson","Gamla Stan IBK","Period3","Slag",2,"Gamla Stan IBK - Sävar IK/Täfteå IK","Andreas Eriksson","Kim Fallbjörk","Andreas Eriksson, Kim Fallbjörk"
"215",215,"Utvisning","06:39",NA,"Kajsa Näslund","Holmsund City IBC/GUIF","Period2","Slag",2,"IKSU - Holmsund City IBC/GUIF","Manuel Garzon","Thanasis Provatas","Manuel Garzon, Thanasis Provatas"
"216",216,"Utvisning","16:41",NA,"Linnea Järnö","Holmsund City IBC/GUIF","Period2","Slag",2,"IKSU - Holmsund City IBC/GUIF","Manuel Garzon","Thanasis Provatas","Manuel Garzon, Thanasis Provatas"
"217",217,"Utvisning","03:15",NA,"Emelie Eriksson","IKSU","Period3","Otillåten trängning",2,"IKSU - Holmsund City IBC/GUIF","Manuel Garzon","Thanasis Provatas","Manuel Garzon, Thanasis Provatas"
"218",218,"Utvisning","11:15",NA,"Wilma Larsson","Holmsund City IBC/GUIF","Period3","Obstruktion",2,"IKSU - Holmsund City IBC/GUIF","Manuel Garzon","Thanasis Provatas","Manuel Garzon, Thanasis Provatas"
"219",219,"Utvisning","06:05",NA,"Isabelle Sjöberg","IBF Dalen/Sandåkerns SK","Period2","Obstruktion",2,"IKSU - IBF Dalen/Sandåkerns SK","Andreas Eriksson","Manuel Garzon","Andreas Eriksson, Manuel Garzon"
"220",220,"Utvisning","08:26",NA,"Agnes Plogner","IKSU","Period2","Slag",2,"IKSU - IBF Dalen/Sandåkerns SK","Andreas Eriksson","Manuel Garzon","Andreas Eriksson, Manuel Garzon"
"221",221,"Utvisning","08:38",NA,"Alva Brannelid","IKSU","Period3","Slag",2,"IKSU - IBF Dalen/Sandåkerns SK","Andreas Eriksson","Manuel Garzon","Andreas Eriksson, Manuel Garzon"
"222",222,"Utvisning","14:00",NA,"Lisa Bergström","IKSU","Period3","Otillåten trängning",2,"IKSU - IBF Dalen/Sandåkerns SK","Andreas Eriksson","Manuel Garzon","Andreas Eriksson, Manuel Garzon"
"223",223,"Utvisning","11:46",NA,"Lina Eriksson","Kågedalens AIF","Period2","Slag",2,"Umeå City IBF - Kågedalens AIF","Tony Cederholm","Rasmus Säfvenberg","Tony Cederholm, Rasmus Säfvenberg"
"224",224,"Utvisning","15:46",NA,"Alice Hörnberg","Umeå City IBF","Period2","Slag",2,"Umeå City IBF - Kågedalens AIF","Tony Cederholm","Rasmus Säfvenberg","Tony Cederholm, Rasmus Säfvenberg"
"225",225,"Utvisning","01:52",NA,"Ida Karlsson","Skellefteå IBK","Period2","Hands",2,"Ersboda SK - Skellefteå IBK","Daniel Degerman","David Morén","Daniel Degerman, David Morén"
"226",226,"Utvisning","06:19",NA,"","IBF Dalen","Period1","Hårt spel 2",2,"Rönnskär Railcare IF - IBF Dalen","Örjan Arvidsson","Joakim Broman","Örjan Arvidsson, Joakim Broman"
"227",227,"Utvisning","08:24",NA,"Saga Hunesjö","Rönnskär Railcare IF","Period2","Slag",2,"Rönnskär Railcare IF - IBF Dalen","Örjan Arvidsson","Joakim Broman","Örjan Arvidsson, Joakim Broman"
"228",228,"Utvisning","04:39",NA,"Alexandra Güzel","Vindelns IF","Period2","Lyftning av klubba",2,"Vindelns IF - IBF Dalen/Sandåkerns SK","Erik Hörnros","Jimmy Norlund","Erik Hörnros, Jimmy Norlund"
"229",229,"Utvisning","11:19",NA,"Martha Hällgren","Vindelns IF","Period2","Hårt spel 2",2,"Vindelns IF - IBF Dalen/Sandåkerns SK","Erik Hörnros","Jimmy Norlund","Erik Hörnros, Jimmy Norlund"
"230",230,"Utvisning","09:46",NA,"Marlene Karlsson","IBF Dalen/Sandåkerns SK","Period3","Slag",2,"Vindelns IF - IBF Dalen/Sandåkerns SK","Erik Hörnros","Jimmy Norlund","Erik Hörnros, Jimmy Norlund"
"231",231,"Utvisning","16:48",NA,"Josefine Sandberg","IBF Dalen/Sandåkerns SK","Period3","Hårt spel 2",2,"Vindelns IF - IBF Dalen/Sandåkerns SK","Erik Hörnros","Jimmy Norlund","Erik Hörnros, Jimmy Norlund"
"232",232,"Utvisning","18:33",NA,"Frida Lundberg","Vindelns IF","Period3","Slag",2,"Vindelns IF - IBF Dalen/Sandåkerns SK","Erik Hörnros","Jimmy Norlund","Erik Hörnros, Jimmy Norlund"
"233",233,"Utvisning","15:39",NA,"Matilda Rahm","Ersboda SK","Period2","Slag",2,"Ersboda SK - IBF Dalen/Sandåkerns SK","Manuel Garzon","Thanasis Provatas","Manuel Garzon, Thanasis Provatas"
"234",234,"Utvisning","19:09",NA,"Matilda Rahm","Ersboda SK","Period3","Slag",2,"Ersboda SK - IBF Dalen/Sandåkerns SK","Manuel Garzon","Thanasis Provatas","Manuel Garzon, Thanasis Provatas"
"235",235,"Utvisning","17:49",NA,"Ida Blomback","Clemensnäs IF /Bureå IF","Period1","För många spelare på plan",2,"Gullänget-Kroksta IBS - Clemensnäs IF /Bureå IF","Per Andersson","Tim Marklund","Per Andersson, Tim Marklund"
"236",236,"Utvisning","19:29",NA,"Hilda Stenlund","Clemensnäs IF /Bureå IF","Period2","Slag",2,"Gullänget-Kroksta IBS - Clemensnäs IF /Bureå IF","Per Andersson","Tim Marklund","Per Andersson, Tim Marklund"
"237",237,"Utvisning","16:30",NA,"Lisabeth Öhlin","Kågedalens AIF","Period2","Fasthållning",2,"Kågedalens AIF - Clemensnäs IF /Bureå IF"," "," ","  "
"238",238,"Utvisning","18:39",NA,"Miriam Hellberg","Clemensnäs IF /Bureå IF","Period2","Obstruktion",2,"Kågedalens AIF - Clemensnäs IF /Bureå IF"," "," ","  "
"239",239,"Utvisning","14:58",NA,"Alicia Holmgren","Skellefteå IBK","Period1","Låsning av klubba",2,"Skellefteå IBK - IBF Dalen/Sandåkerns SK","Manuel Garzon","Rasmus Säfvenberg","Manuel Garzon, Rasmus Säfvenberg"
"240",240,"Utvisning","04:12",NA,"Therese Ahlander","IBF Dalen/Sandåkerns SK","Period3","Hårt spel 2",2,"Skellefteå IBK - IBF Dalen/Sandåkerns SK","Manuel Garzon","Rasmus Säfvenberg","Manuel Garzon, Rasmus Säfvenberg"
"241",241,"Utvisning","07:36",NA,"Ida Andersson","IBF Dalen/Sandåkerns SK","Period3","Slag",2,"Skellefteå IBK - IBF Dalen/Sandåkerns SK","Manuel Garzon","Rasmus Säfvenberg","Manuel Garzon, Rasmus Säfvenberg"
"242",242,"Utvisning","10:55",NA,"Maja Sjöström","IBF Dalen","Period1","Låsning av klubba",2,"IBF Dalen - Sävar IK/Täfteå IK"," "," ","  "
"243",243,"Utvisning","13:22",NA,"Tuva Dahlin","Sävar IK/Täfteå IK","Period2","Slag",2,"IBF Dalen - Sävar IK/Täfteå IK"," "," ","  "
"244",244,"Utvisning","16:27",NA,"Klara-Marie Laggar","Spöland Vännäs IF","Period1","Slag",2,"Spöland Vännäs IF - Täfteå IK /Sävar IK"," "," ","  "
"245",245,"Utvisning","08:02",NA,"Frida Nilsson-Wihlbäck","Täfteå IK /Sävar IK","Period2","Slag",2,"Spöland Vännäs IF - Täfteå IK /Sävar IK"," "," ","  "
"246",246,"Utvisning","16:27",NA,"Ellen Johansson","Spöland Vännäs IF","Period2","Otillåten trängning",2,"Spöland Vännäs IF - Täfteå IK /Sävar IK"," "," ","  "
"247",247,"Utvisning","18:35",NA,"Emilia Claesson","Spöland Vännäs IF","Period2","För många spelare på plan",2,"Spöland Vännäs IF - Täfteå IK /Sävar IK"," "," ","  "
"248",248,"Utvisning","19:23",NA,"Alva Granqvist","Spöland Vännäs IF","Period3","Lyftning av klubba",2,"Spöland Vännäs IF - Täfteå IK /Sävar IK"," "," ","  "
"249",249,"Utvisning","01:12",NA,"Ebba Elenius","Rönnskär Railcare IF","Period1","Slag",2,"Rönnskär Railcare IF - Gamla Stan IBK"," "," ","  "
"250",250,"Utvisning","15:50",NA,"Ebba Elenius","Rönnskär Railcare IF","Period1","Nick",2,"Rönnskär Railcare IF - Gamla Stan IBK"," "," ","  "
"251",251,"Utvisning","14:57",NA,"Emmy Helander","Rönnskär Railcare IF","Period2","Slag",2,"Rönnskär Railcare IF - Gamla Stan IBK"," "," ","  "
"252",252,"Utvisning","15:53",NA,"Ebba Elenius","Rönnskär Railcare IF","Period3","Straff pga hopp",2,"Rönnskär Railcare IF - Gamla Stan IBK"," "," ","  "
"253",253,"Utvisning","16:27",NA,"Ellen Fahlgren","Gamla Stan IBK","Period3","Otillåten trängning",2,"Rönnskär Railcare IF - Gamla Stan IBK"," "," ","  "
"254",254,"Utvisning","17:41",NA,"Hanna Appelblad","Gullänget-Kroksta IBS","Period1","Hårt spel 2",2,"Gullänget-Kroksta IBS - Kågedalens AIF","Maria Dahlin","Simon Hedkvist","Maria Dahlin, Simon Hedkvist"
"255",255,"Utvisning","06:24",NA,"Agnes Viström","Gullänget-Kroksta IBS","Period2","Slag",2,"Gullänget-Kroksta IBS - Kågedalens AIF","Maria Dahlin","Simon Hedkvist","Maria Dahlin, Simon Hedkvist"
"256",256,"Utvisning","17:16",NA,"Ina Forsner","IBF Dalen","Period2","Slag",2,"IBF Dalen - Täfteå IK /Sävar IK","Albin Berglund","Linus Berglund","Albin Berglund, Linus Berglund"
"257",257,"Utvisning","18:57",NA,"Matilda Karlsson","IBF Dalen","Period3","Hårt spel 2",2,"IBF Dalen - Täfteå IK /Sävar IK","Albin Berglund","Linus Berglund","Albin Berglund, Linus Berglund"
"258",258,"Utvisning","08:04",NA,"Klara Widmark","Umeå City IBF","Period1","Otillåten trängning",2,"Umeå City IBF - Clemensnäs IF /Bureå IF","Julia Fältén","Louise Ramebäck","Julia Fältén, Louise Ramebäck"
"259",259,"Utvisning","10:28",NA,"Alice Danielsson","IBF Dalen","Period1","Slag",2,"IBF Dalen - Täfteå IK /Sävar IK"," "," ","  "
"260",260,"Utvisning","07:03",NA,"April Holm","IBF Dalen","Period2","Slag",2,"IBF Dalen - Täfteå IK /Sävar IK"," "," ","  "
"261",261,"Utvisning","19:19",NA,"Yueshan Lidström","Täfteå IK /Sävar IK","Period2","Slag",2,"IBF Dalen - Täfteå IK /Sävar IK"," "," ","  "
"262",262,"Utvisning","10:51",NA,"Tilda Nylander","Sävar IK/Täfteå IK","Period1","Lyftning av klubba",2,"Sävar IK/Täfteå IK - Umeå City IBF","Daniel Johannesson","Thanasis Provatas","Daniel Johannesson, Thanasis Provatas"
"263",263,"Utvisning","08:13",NA,"Ebba Abrahamsson","Umeå City IBF","Period2","Slag",2,"Sävar IK/Täfteå IK - Umeå City IBF","Daniel Johannesson","Thanasis Provatas","Daniel Johannesson, Thanasis Provatas"
"264",264,"Utvisning","14:58",NA,"Agnes Nyström","Umeå City IBF","Period2","Hårt spel 2",2,"Sävar IK/Täfteå IK - Umeå City IBF","Daniel Johannesson","Thanasis Provatas","Daniel Johannesson, Thanasis Provatas"
"265",265,"Utvisning","18:47",NA,"Ida Nilsson","IBF Dalen","Period3","Otillåten trängning",2,"Gullänget-Kroksta IBS - IBF Dalen","Gustav Broadhall","Klas Höglund","Gustav Broadhall, Klas Höglund"
"266",266,"Utvisning","10:25",NA,"Elsa Lustig","IKSU","Period1","Slag",2,"Obbola IK - IKSU","Roger Karlsson","Peter Poopuu","Roger Karlsson, Peter Poopuu"
"267",267,"Utvisning","12:18",NA,"Matilda Valtersson","Obbola IK","Period1","Slag",2,"Obbola IK - IKSU","Roger Karlsson","Peter Poopuu","Roger Karlsson, Peter Poopuu"
"268",268,"Utvisning","04:36",NA,"Agnes Plogner","IKSU","Period3","Hårt spel 2",2,"Obbola IK - IKSU","Roger Karlsson","Peter Poopuu","Roger Karlsson, Peter Poopuu"
"269",269,"Utvisning","11:00",NA,"Malin Dahlgren","Obbola IK","Period3","Slag",2,"Obbola IK - IKSU","Roger Karlsson","Peter Poopuu","Roger Karlsson, Peter Poopuu"
"270",270,"Utvisning","14:16",NA,"Julia Wedman","Röbäcks IF","Period2","Slag",2,"IBF Dalen/Sandåkerns SK - Röbäcks IF","Albin Berglund","Linus Berglund","Albin Berglund, Linus Berglund"
"271",271,"Utvisning","15:34",NA,"Tilda Sundell","Röbäcks IF","Period2","Protest mot domslut",2,"IBF Dalen/Sandåkerns SK - Röbäcks IF","Albin Berglund","Linus Berglund","Albin Berglund, Linus Berglund"
"272",272,"Utvisning","02:53",NA,"April Holm","IBF Dalen/Sandåkerns SK","Period3","Felaktigt avstånd",2,"IBF Dalen/Sandåkerns SK - Röbäcks IF","Albin Berglund","Linus Berglund","Albin Berglund, Linus Berglund"
"273",273,"Utvisning","03:55",NA,"Wilma Lilliesköld","IBF Dalen","Period2","För många spelare på plan",2,"Umeå City IBF - IBF Dalen","Lydia Elstig","Hanna Wendén","Lydia Elstig, Hanna Wendén"
"274",274,"Utvisning","10:05",NA,"Wilma Lilliesköld","IBF Dalen","Period3","Slag",2,"Umeå City IBF - IBF Dalen","Lydia Elstig","Hanna Wendén","Lydia Elstig, Hanna Wendén"
"275",275,"Utvisning","18:46",NA,"Frida Carlbom","IBF Dalen/Sandåkerns SK","Period2","För många spelare på plan",2,"IBF Dalen/Sandåkerns SK - Obbola IK","Lydia Elstig","Sanna Åslin","Lydia Elstig, Sanna Åslin"
"276",276,"Utvisning","05:02",NA,"Tove Slettvoll","IBF Dalen/Sandåkerns SK","Period3","Otillåten trängning",2,"IBF Dalen/Sandåkerns SK - Obbola IK","Lydia Elstig","Sanna Åslin","Lydia Elstig, Sanna Åslin"
"277",277,"Utvisning","08:00",NA,"Julia Holmgren","Holmsund City IBC/GUIF","Period3","Slag",2,"Holmsund City IBC/GUIF - Skellefteå IBK","Lasse Ekesryd","Micael Holmbom","Lasse Ekesryd, Micael Holmbom"
"278",278,"Utvisning","09:42",NA,"Agnes Sjöstedt","Gamla Stan IBK","Period3","Slag",2,"Gamla Stan IBK - Sävar IK/Täfteå IK","Micael Holmbom","Andreas Åström","Micael Holmbom, Andreas Åström"
"279",279,"Utvisning","16:24",NA,"Tilda Johansson","Gamla Stan IBK","Period3","Straff pga betr av målvaktsområde",2,"Gamla Stan IBK - Sävar IK/Täfteå IK","Micael Holmbom","Andreas Åström","Micael Holmbom, Andreas Åström"
"280",280,"Utvisning","18:53",NA,"Emma Enholm","Sävar IK/Täfteå IK","Period3","Slag",2,"Gamla Stan IBK - Sävar IK/Täfteå IK","Micael Holmbom","Andreas Åström","Micael Holmbom, Andreas Åström"
"281",281,"Utvisning","03:35",NA,"Liza Wikström","Vindelns IF","Period2","Slag",2,"Ersboda SK - Vindelns IF","Manuel Garzon","Rasmus Säfvenberg","Manuel Garzon, Rasmus Säfvenberg"
"282",282,"Utvisning","18:44",NA,"Eila Nylén","Ersboda SK","Period2","Slag",2,"Ersboda SK - Vindelns IF","Manuel Garzon","Rasmus Säfvenberg","Manuel Garzon, Rasmus Säfvenberg"
"283",283,"Utvisning","16:22",NA,"Martha Hällgren","Vindelns IF","Period3","Hårt spel 2",2,"Ersboda SK - Vindelns IF","Manuel Garzon","Rasmus Säfvenberg","Manuel Garzon, Rasmus Säfvenberg"
"284",284,"Utvisning","18:53",NA,"Jennie Holmgren","Vindelns IF","Period3","Slag",2,"Ersboda SK - Vindelns IF","Manuel Garzon","Rasmus Säfvenberg","Manuel Garzon, Rasmus Säfvenberg"
"285",285,"Utvisning","16:42",NA,"Nova Sundin","Rönnskär Railcare IF","Period1","Liggande spel",2,"Rönnskär Railcare IF - IBF Dalen","Alvina Mukkala","Rasmus Säfvenberg","Alvina Mukkala, Rasmus Säfvenberg"
"286",286,"Utvisning","18:37",NA,"Nova Edlund","Rönnskär Railcare IF","Period2","Farligt spel",5,"Rönnskär Railcare IF - IBF Dalen","Alvina Mukkala","Rasmus Säfvenberg","Alvina Mukkala, Rasmus Säfvenberg"
"287",287,"Utvisning","19:18",NA,"Miriam Hellberg","Clemensnäs IF /Bureå IF","Period1","Otillåten trängning",2,"Gullänget-Kroksta IBS - Clemensnäs IF /Bureå IF","Mikael Berglund","Mikael Körning","Mikael Berglund, Mikael Körning"
"288",288,"Utvisning","19:36",NA,"Hedvig Forsgren","Rönnskär Railcare IF","Period1","Lyftning av klubba",2,"Gamla Stan IBK - Rönnskär Railcare IF"," "," ","  "
"289",289,"Utvisning","06:43",NA,"Nova Sundin","Rönnskär Railcare IF","Period3","Osportsligt uppträdande",12,"Gamla Stan IBK - Rönnskär Railcare IF"," "," ","  "
"290",290,"Utvisning","15:53",NA,"Nova Sundin","Rönnskär Railcare IF","Period3","Låsning av klubba",2,"Gamla Stan IBK - Rönnskär Railcare IF"," "," ","  "
"291",291,"Utvisning","17:22",NA,"Jonna Lönn","Röbäcks IF","Period2","Otillåten trängning",2,"Röbäcks IF - IKSU","Manuel Garzon","Rasmus Säfvenberg","Manuel Garzon, Rasmus Säfvenberg"
"292",292,"Utvisning","07:12",NA,"Nora Parkle","IKSU","Period3","Fasthållning",2,"Röbäcks IF - IKSU","Manuel Garzon","Rasmus Säfvenberg","Manuel Garzon, Rasmus Säfvenberg"
"293",293,"Utvisning","07:12",NA,"Jonna Lönn","Röbäcks IF","Period3","Osportsligt uppträdande",12,"Röbäcks IF - IKSU","Manuel Garzon","Rasmus Säfvenberg","Manuel Garzon, Rasmus Säfvenberg"
"294",294,"Utvisning","09:57",NA,"Sara Liljelind","Umeå City IBF","Period2","Felaktigt avstånd",2,"Umeå City IBF - Clemensnäs IF /Bureå IF","Lasse Ekesryd","David Morén","Lasse Ekesryd, David Morén"
"295",295,"Utvisning","19:13",NA,"Ebba Abrahamsson","Umeå City IBF","Period2","Otillåten trängning",2,"Umeå City IBF - Clemensnäs IF /Bureå IF","Lasse Ekesryd","David Morén","Lasse Ekesryd, David Morén"
"296",296,"Utvisning","15:32",NA,"Indra Fastborg","Ersboda SK","Period3","Hög klubba",2,"Röbäcks IF - Ersboda SK","Lydia Elstig","Hanna Wendén","Lydia Elstig, Hanna Wendén"
"297",297,"Utvisning","08:28",NA,"Klara Lindblom","Gamla Stan IBK","Period3","Slag",2,"Gamla Stan IBK - IBF Dalen","Erik Hörnros","Jimmy Norlund","Erik Hörnros, Jimmy Norlund"
"298",298,"Utvisning","09:35",NA,"Elsa Nilsson","IBF Dalen/Sandåkerns SK","Period1","Otillåten trängning",2,"IBF Dalen/Sandåkerns SK - Holmsund City IBC/GUIF","Tilde Wikström","Sanna Åslin","Tilde Wikström, Sanna Åslin"
"299",299,"Utvisning","10:20",NA,"Hanna Strandgren","Sävar IK/Täfteå IK","Period3","Slag",2,"Sävar IK/Täfteå IK - Rönnskär Railcare IF","Julia Fältén","Lisa Vestman","Julia Fältén, Lisa Vestman"
"300",300,"Utvisning","18:24",NA,"Ebba Elenius","Rönnskär Railcare IF","Period3","Liggande spel",2,"Sävar IK/Täfteå IK - Rönnskär Railcare IF","Julia Fältén","Lisa Vestman","Julia Fältén, Lisa Vestman"
"301",301,"Utvisning","13:00",NA,"Moa Olsson","Obbola IK","Period1","Slag",2,"Obbola IK - Skellefteå IBK","Daniel Degerman","Micael Holmbom","Daniel Degerman, Micael Holmbom"
"302",302,"Utvisning","03:08",NA,"Hanna Edholm","Obbola IK","Period2","Slag",2,"Obbola IK - Skellefteå IBK","Daniel Degerman","Micael Holmbom","Daniel Degerman, Micael Holmbom"
"303",303,"Utvisning","12:33",NA,"Meja Käller","Kågedalens AIF","Period3","Nick",2,"Kågedalens AIF - Gullänget-Kroksta IBS","Elias Bark Pettersson","Alvin Gustavsson","Elias Bark Pettersson, Alvin Gustavsson"
"304",304,"Utvisning","17:04",NA,"Wilma Näslund","Vindelns IF","Period2","Otillåten trängning",2,"Vindelns IF - Obbola IK","Björn Glad","Marcus Glad","Björn Glad, Marcus Glad"
"305",305,"Utvisning","19:37",NA,"","Clemensnäs IF /Bureå IF","Period3","Hårt spel 2",2,"Rönnskär Railcare IF - Clemensnäs IF /Bureå IF"," "," ","  "
"306",306,"Utvisning","07:26",NA,"Jonna Lönn","Röbäcks IF","Period2","Nick",2,"Holmsund City IBC/GUIF - Röbäcks IF","Hanna Wendén","Lisa Vestman","Hanna Wendén, Lisa Vestman"
"307",307,"Utvisning","05:50",NA,"Victoria Wilhelmsson-Andersson","Röbäcks IF","Period2","Hårt spel 2",2,"Spöland Vännäs IF - Röbäcks IF","David Karlsson","Robert Segerstedt","David Karlsson, Robert Segerstedt"
"308",308,"Utvisning","15:53",NA,"Tilde Linrin","Röbäcks IF","Period2","Hårt spel 2",2,"Spöland Vännäs IF - Röbäcks IF","David Karlsson","Robert Segerstedt","David Karlsson, Robert Segerstedt"
"309",309,"Utvisning","16:12",NA,"Alva Grönlund","IBF Dalen","Period2","Slag",2,"Vindelns IF - IBF Dalen","Tilde Wikström","Sanna Åslin","Tilde Wikström, Sanna Åslin"
"310",310,"Utvisning","19:46",NA,"Nora Jonsson","IBF Dalen","Period2","Slag",2,"Vindelns IF - IBF Dalen","Tilde Wikström","Sanna Åslin","Tilde Wikström, Sanna Åslin"
"311",311,"Utvisning","18:26",NA,"Sandra Ålevik","Holmsund City IBC/GUIF","Period3","Otillåten trängning",2,"Holmsund City IBC/GUIF - Vindelns IF","Alexandra Nimrodsson","Hanna Wendén","Alexandra Nimrodsson, Hanna Wendén"
"312",312,"Utvisning","14:57",NA,"Petra Hennström","Spöland Vännäs IF","Period1","Slag",2,"Spöland Vännäs IF - Täfteå IK /Sävar IK","Klas Höglund","Christoffer Lind","Klas Höglund, Christoffer Lind"
"313",313,"Utvisning","06:52",NA,"Wilma Rönnbäck","Obbola IK","Period2","Obstruktion",2,"Obbola IK - Röbäcks IF","Björn Glad","Robert Segerstedt","Björn Glad, Robert Segerstedt"
"314",314,"Utvisning","17:24",NA,"Elsa Lindgren","Obbola IK","Period2","Nick",2,"Obbola IK - Röbäcks IF","Björn Glad","Robert Segerstedt","Björn Glad, Robert Segerstedt"
"315",315,"Utvisning","07:04",NA,"Emilia Lönn","Röbäcks IF","Period3","Hårt spel 2",2,"Obbola IK - Röbäcks IF","Björn Glad","Robert Segerstedt","Björn Glad, Robert Segerstedt"
"316",316,"Utvisning","17:31",NA,"Emilia Lönn","Röbäcks IF","Period3","Slag",2,"Obbola IK - Röbäcks IF","Björn Glad","Robert Segerstedt","Björn Glad, Robert Segerstedt"
"317",317,"Utvisning","18:21",NA,"Ellen Bergsdorf","Röbäcks IF","Period3","Otillåten trängning",2,"Obbola IK - Röbäcks IF","Björn Glad","Robert Segerstedt","Björn Glad, Robert Segerstedt"
"318",318,"Utvisning","19:28",NA,"Sandra Nilsson","Spöland Vännäs IF","Period2","Obstruktion",2,"Spöland Vännäs IF - Obbola IK","Klas Höglund","Alvina Mukkala","Klas Höglund, Alvina Mukkala"
"319",319,"Utvisning","06:08",NA,"Alva Granqvist","Spöland Vännäs IF","Period3","Protest mot domslut",2,"Spöland Vännäs IF - Obbola IK","Klas Höglund","Alvina Mukkala","Klas Höglund, Alvina Mukkala"
"320",320,"Utvisning","09:34",NA,"Malin Dahlgren","Obbola IK","Period3","Slag",2,"Spöland Vännäs IF - Obbola IK","Klas Höglund","Alvina Mukkala","Klas Höglund, Alvina Mukkala"
"321",321,"Utvisning","17:08",NA,"Sanna Vännström","Obbola IK","Period3","Hårt spel 2",2,"Spöland Vännäs IF - Obbola IK","Klas Höglund","Alvina Mukkala","Klas Höglund, Alvina Mukkala"
"322",322,"Utvisning","18:54",NA,"Olivia Hjalmarsson","Obbola IK","Period3","Osportsligt uppträdande",12,"Spöland Vännäs IF - Obbola IK","Klas Höglund","Alvina Mukkala","Klas Höglund, Alvina Mukkala"
"323",323,"Utvisning","11:11",NA,"Ellen Bergsdorf","Röbäcks IF","Period2","Slag",2,"Täfteå IK /Sävar IK - Röbäcks IF","Lydia Elstig","Sanna Åslin","Lydia Elstig, Sanna Åslin"
"324",324,"Utvisning","18:34",NA,"Irma Frank","Röbäcks IF","Period3","För många spelare på plan",2,"Täfteå IK /Sävar IK - Röbäcks IF","Lydia Elstig","Sanna Åslin","Lydia Elstig, Sanna Åslin"
"325",325,"Utvisning","13:11",NA,"Madeleine Johansson","Örnsköldsvik IBK /IBF","Period3","Fördröjande av spelet",2,"Gimonäs Umeå IF - Örnsköldsvik IBK /IBF","Alvina Mukkala","Robert Segerstedt","Alvina Mukkala, Robert Segerstedt"
"326",326,"Utvisning","16:45",NA,"Elsa Holmberg","Röbäcks IF","Period2","Felaktigt avstånd",2,"Röbäcks IF - Skellefteå IBK","Gustav Broadhall","Robert Segerstedt","Gustav Broadhall, Robert Segerstedt"
"327",327,"Utvisning","11:00",NA,"Emma Åström","Röbäcks IF","Period3","Slag",2,"Röbäcks IF - Skellefteå IBK","Gustav Broadhall","Robert Segerstedt","Gustav Broadhall, Robert Segerstedt"
"328",328,"Utvisning","00:00",NA,"Lisabeth Öhlin","Kågedalens AIF","Period2","Fasthållning",2,"Clemensnäs IF /Bureå IF - Kågedalens AIF","Joakim Broman","Andreas Åström","Joakim Broman, Andreas Åström"
"329",329,"Utvisning","18:39",NA,"Miriam Hellberg","Clemensnäs IF /Bureå IF","Period2","Obstruktion",2,"Clemensnäs IF /Bureå IF - Kågedalens AIF","Joakim Broman","Andreas Åström","Joakim Broman, Andreas Åström"
"330",330,"Utvisning","01:12",NA,"Ebba Elenius","Rönnskär Railcare IF","Period1","Slag",2,"Rönnskär Railcare IF - Gamla Stan IBK","Daniel Degerman","Andreas Åström","Daniel Degerman, Andreas Åström"
"331",331,"Utvisning","15:50",NA,"Ebba Elenius","Rönnskär Railcare IF","Period1","Nick",2,"Rönnskär Railcare IF - Gamla Stan IBK","Daniel Degerman","Andreas Åström","Daniel Degerman, Andreas Åström"
"332",332,"Utvisning","14:57",NA,"Emmy Helander","Rönnskär Railcare IF","Period2","Slag",2,"Rönnskär Railcare IF - Gamla Stan IBK","Daniel Degerman","Andreas Åström","Daniel Degerman, Andreas Åström"
"333",333,"Utvisning","15:53",NA,"Ebba Elenius","Rönnskär Railcare IF","Period3","Straff pga hopp",2,"Rönnskär Railcare IF - Gamla Stan IBK","Daniel Degerman","Andreas Åström","Daniel Degerman, Andreas Åström"
"334",334,"Utvisning","16:27",NA,"Ellen Fahlgren","Gamla Stan IBK","Period3","Otillåten trängning",2,"Rönnskär Railcare IF - Gamla Stan IBK","Daniel Degerman","Andreas Åström","Daniel Degerman, Andreas Åström"
"335",335,"Utvisning","18:08",NA,"Fia Rhodin","Gimonäs Umeå IF","Period1","Liggande spel",2,"Kågedalens AIF - Gimonäs Umeå IF","Daniel Degerman","Micael Holmbom","Daniel Degerman, Micael Holmbom"
"336",336,"Utvisning","02:16",NA,"Tindra Rönnlund","Gimonäs Umeå IF","Period2","Slag",2,"Kågedalens AIF - Gimonäs Umeå IF","Daniel Degerman","Micael Holmbom","Daniel Degerman, Micael Holmbom"
"337",337,"Utvisning","17:09",NA,"Lina Eriksson","Kågedalens AIF","Period2","Slag",2,"Kågedalens AIF - Gimonäs Umeå IF","Daniel Degerman","Micael Holmbom","Daniel Degerman, Micael Holmbom"
"338",338,"Utvisning","15:14",NA,"Lillie Jonsson","Gamla Stan IBK","Period3","Liggande spel",2,"Umeå City IBF - Gamla Stan IBK","Alexandra Nimrodsson","Sanna Åslin","Alexandra Nimrodsson, Sanna Åslin"
"339",339,"Utvisning","09:07",NA,"Nea Englund-Jonsson","Clemensnäs IF /Bureå IF","Period3","Hög klubba",2,"Örnsköldsvik IBK /IBF - Clemensnäs IF /Bureå IF","Joakim Broman","Andreas Åström","Joakim Broman, Andreas Åström"
"340",340,"Utvisning","15:43",NA,"Elina Lindelöf","Örnsköldsvik IBK /IBF","Period3","Otillåten trängning",2,"Örnsköldsvik IBK /IBF - Clemensnäs IF /Bureå IF","Joakim Broman","Andreas Åström","Joakim Broman, Andreas Åström"
"341",341,"Utvisning","03:22",NA,"Saga Hunesjö","Rönnskär Railcare IF","Period3","Obstruktion",2,"Rönnskär Railcare IF - Clemensnäs IF /Bureå IF","Patrik Häggström","Jens Marklund","Patrik Häggström, Jens Marklund"
"342",342,"Utvisning","00:36",NA,"Kajsa Cederlund","Gamla Stan IBK","Period1","Felaktigt avstånd",2,"Kågedalens AIF - Gamla Stan IBK","Daniel Degerman","Lasse Ekesryd","Daniel Degerman, Lasse Ekesryd"
"343",343,"Utvisning","01:20",NA,"Lina Söderlund","Kågedalens AIF","Period1","Slag",2,"Kågedalens AIF - Gamla Stan IBK","Daniel Degerman","Lasse Ekesryd","Daniel Degerman, Lasse Ekesryd"
"344",344,"Utvisning","10:52",NA,"Ellen Fahlgren","Gamla Stan IBK","Period2","Otillåten trängning",2,"Kågedalens AIF - Gamla Stan IBK","Daniel Degerman","Lasse Ekesryd","Daniel Degerman, Lasse Ekesryd"
"345",345,"Utvisning","15:37",NA,"Klara Lindblom","Gamla Stan IBK","Period2","Slag",2,"Kågedalens AIF - Gamla Stan IBK","Daniel Degerman","Lasse Ekesryd","Daniel Degerman, Lasse Ekesryd"
"346",346,"Utvisning","17:46",NA,"Lina Söderlund","Kågedalens AIF","Period2","Hårt spel 2",2,"Kågedalens AIF - Gamla Stan IBK","Daniel Degerman","Lasse Ekesryd","Daniel Degerman, Lasse Ekesryd"
"347",347,"Utvisning","19:40",NA,"Kajsa Cederlund","Gamla Stan IBK","Period2","För många spelare på plan",2,"Kågedalens AIF - Gamla Stan IBK","Daniel Degerman","Lasse Ekesryd","Daniel Degerman, Lasse Ekesryd"
"348",348,"Utvisning","14:39",NA,"Alice Holmbom","Kågedalens AIF","Period3","Slag",2,"Kågedalens AIF - Gamla Stan IBK","Daniel Degerman","Lasse Ekesryd","Daniel Degerman, Lasse Ekesryd"
"349",349,"Utvisning","10:25",NA,"Emilia Haldebo","Gamla Stan IBK","Period1","Felaktigt byte",2,"Gamla Stan IBK - Gimonäs Umeå IF","Joakim Broman","Andreas Åström","Joakim Broman, Andreas Åström"
"350",350,"Utvisning","18:23",NA,"Moa Larsson","Röbäcks IF","Period1","Otillåten trängning",2,"Röbäcks IF - IBF Dalen/Sandåkerns SK","Julia Fältén","Lisa Vestman","Julia Fältén, Lisa Vestman"
"351",351,"Utvisning","06:14",NA,"Julia Wedman","Röbäcks IF","Period2","Slag",2,"Röbäcks IF - IBF Dalen/Sandåkerns SK","Julia Fältén","Lisa Vestman","Julia Fältén, Lisa Vestman"
"352",352,"Utvisning","13:07",NA,"Ellen Bergsdorf","Röbäcks IF","Period2","Hårt spel 2",2,"Röbäcks IF - IBF Dalen/Sandåkerns SK","Julia Fältén","Lisa Vestman","Julia Fältén, Lisa Vestman"
"353",353,"Utvisning","08:57",NA,"Julia Persson","IBF Dalen/Sandåkerns SK","Period3","Otillåten trängning",2,"Röbäcks IF - IBF Dalen/Sandåkerns SK","Julia Fältén","Lisa Vestman","Julia Fältén, Lisa Vestman"
"354",354,"Utvisning","11:46",NA,"Naja Axelsson","Ersboda SK","Period3","Otillåten trängning",2,"Holmsund City IBC/GUIF - Ersboda SK","Lydia Elstig","Hanna Wendén","Lydia Elstig, Hanna Wendén"
"355",355,"Utvisning","16:40",NA,"Amanda Stenvall","Holmsund City IBC/GUIF","Period3","Felaktigt avstånd",2,"Holmsund City IBC/GUIF - Ersboda SK","Lydia Elstig","Hanna Wendén","Lydia Elstig, Hanna Wendén"
"356",356,"Utvisning","12:51",NA,"Kajsa Lundström","Skellefteå IBK","Period2","För många spelare på plan",2,"Vindelns IF - Skellefteå IBK","David Karlsson","Rasmus Säfvenberg","David Karlsson, Rasmus Säfvenberg"
"357",357,"Utvisning","15:04",NA,"Sandra Eriksson","Vindelns IF","Period2","Osportsligt uppträdande",12,"Vindelns IF - Skellefteå IBK","David Karlsson","Rasmus Säfvenberg","David Karlsson, Rasmus Säfvenberg"
"358",358,"Utvisning","18:26",NA,"Liza Wikström","Vindelns IF","Period3","Otillåten trängning",2,"Vindelns IF - Skellefteå IBK","David Karlsson","Rasmus Säfvenberg","David Karlsson, Rasmus Säfvenberg"
"359",359,"Utvisning","05:26",NA,"Clara Nilsson","Umeå City IBF","Period1","Slag",2,"Umeå City IBF - Kågedalens AIF","Daniel Degerman","Micael Holmbom","Daniel Degerman, Micael Holmbom"
"360",360,"Utvisning","17:33",NA,"Klara Widmark","Umeå City IBF","Period1","Slag",2,"Umeå City IBF - Kågedalens AIF","Daniel Degerman","Micael Holmbom","Daniel Degerman, Micael Holmbom"
"361",361,"Utvisning","08:34",NA,"Elisia Norlin","Röbäcks IF","Period2","Otillåten trängning",2,"IBF Dalen - Röbäcks IF","Julia Fältén","Lisa Vestman","Julia Fältén, Lisa Vestman"
"362",362,"Utvisning","10:34",NA,"Malin Nordquist","Örnsköldsvik IBK /IBF","Period1","Spel utan klubba",2,"Rönnskär Railcare IF - Örnsköldsvik IBK /IBF","Maria Dahlin","Elin Lindgren","Maria Dahlin, Elin Lindgren"
"363",363,"Utvisning","19:23",NA,"Maja Mårtensson","Örnsköldsvik IBK /IBF","Period3","Slag",2,"Rönnskär Railcare IF - Örnsköldsvik IBK /IBF","Maria Dahlin","Elin Lindgren","Maria Dahlin, Elin Lindgren"
"364",364,"Utvisning","10:05",NA,"Ida Eriksson","Vindelns IF","Period3","Hårt spel 2",2,"Spöland Vännäs IF - Vindelns IF","Kim Fallbjörk","Rasmus Säfvenberg","Kim Fallbjörk, Rasmus Säfvenberg"
"365",365,"Utvisning","09:44",NA,"Ella Wallmark","Umeå City IBF","Period1","Slag",2,"Spöland Vännäs IF - Umeå City IBF","Alvina Mukkala","Lisa Vestman","Alvina Mukkala, Lisa Vestman"
"366",366,"Utvisning","05:11",NA,"Hermella Ghebremedhin","Umeå City IBF","Period2","Obstruktion",2,"Spöland Vännäs IF - Umeå City IBF","Alvina Mukkala","Lisa Vestman","Alvina Mukkala, Lisa Vestman"
"367",367,"Utvisning","13:55",NA,"Tuva Karlsson","Umeå City IBF","Period2","Osportsligt uppträdande",12,"Spöland Vännäs IF - Umeå City IBF","Alvina Mukkala","Lisa Vestman","Alvina Mukkala, Lisa Vestman"
"368",368,"Utvisning","18:20",NA,"Elin Broddeskog","Umeå City IBF","Period2","Felaktigt byte",2,"Spöland Vännäs IF - Umeå City IBF","Alvina Mukkala","Lisa Vestman","Alvina Mukkala, Lisa Vestman"
"369",369,"Utvisning","10:21",NA,"Tilda Sundell","Röbäcks IF","Period2","Otillåten trängning",2,"Holmsund City IBC/GUIF - Röbäcks IF","Klas Höglund","Thanasis Provatas","Klas Höglund, Thanasis Provatas"
"370",370,"Utvisning","13:38",NA,"Emelie Linder","Täfteå IK /Sävar IK","Period3","Slag",2,"Täfteå IK /Sävar IK - IBF Dalen","Erik Hörnros","Jimmy Norlund","Erik Hörnros, Jimmy Norlund"
"371",371,"Utvisning","14:58",NA,"Ida Jakobsson","IBF Dalen","Period3","Obstruktion",2,"Täfteå IK /Sävar IK - IBF Dalen","Erik Hörnros","Jimmy Norlund","Erik Hörnros, Jimmy Norlund"
"372",372,"Utvisning","13:18",NA,"Alva Eriksson","Gimonäs Umeå IF","Period3","Låsning av klubba",2,"Gimonäs Umeå IF - Spöland Vännäs IF","Bjarne Andersson","Manuel Garzon","Bjarne Andersson, Manuel Garzon"
"373",373,"Utvisning","14:26",NA,"Fanny Nordwall","Gimonäs Umeå IF","Period3","Hands",2,"Gimonäs Umeå IF - Spöland Vännäs IF","Bjarne Andersson","Manuel Garzon","Bjarne Andersson, Manuel Garzon"
"374",374,"Utvisning","18:16",NA,"Alice Centerlind","Gimonäs Umeå IF","Period3","För många spelare på plan",2,"Gimonäs Umeå IF - Spöland Vännäs IF","Bjarne Andersson","Manuel Garzon","Bjarne Andersson, Manuel Garzon"
"375",375,"Utvisning","07:12",NA,"Mikaela Edlund","Örnsköldsvik IBK /IBF","Period1","Hands",2,"Örnsköldsvik IBK /IBF - Team Thorengruppen SK","Gustav Broadhall","Ludwig Broadhall","Gustav Broadhall, Ludwig Broadhall"
"376",376,"Utvisning","04:54",NA,"Mikaela Edlund","Örnsköldsvik IBK /IBF","Period2","Slag",2,"Örnsköldsvik IBK /IBF - Spöland Vännäs IF","Peter Saari","Rasmus Säfvenberg","Peter Saari, Rasmus Säfvenberg"
"377",377,"Utvisning","10:00",NA,"Angelica Mukkala","Spöland Vännäs IF","Period2","Låsning av klubba",2,"Örnsköldsvik IBK /IBF - Spöland Vännäs IF","Peter Saari","Rasmus Säfvenberg","Peter Saari, Rasmus Säfvenberg"
"378",378,"Utvisning","17:02",NA,"Elin Magnusson","Örnsköldsvik IBK /IBF","Period2","Slag",2,"Örnsköldsvik IBK /IBF - Spöland Vännäs IF","Peter Saari","Rasmus Säfvenberg","Peter Saari, Rasmus Säfvenberg"
"379",379,"Utvisning","06:34",NA,"Julia Olsson","Örnsköldsvik IBK /IBF","Period3","Otillåten trängning",2,"Örnsköldsvik IBK /IBF - Spöland Vännäs IF","Peter Saari","Rasmus Säfvenberg","Peter Saari, Rasmus Säfvenberg"
"380",380,"Utvisning","19:18",NA,"Soliana Zeray","Team Thorengruppen SK","Period2","Slag",2,"Gimonäs Umeå IF - Team Thorengruppen SK","Albin Berglund","Linus Berglund","Albin Berglund, Linus Berglund"
"381",381,"Utvisning","13:49",NA,"Ida Eriksson","Vindelns IF","Period2","Otillåten trängning",2,"Obbola IK - Vindelns IF","Manuel Garzon","Christoffer Lind","Manuel Garzon, Christoffer Lind"
"382",382,"Utvisning","13:45",NA,"Elin Bernhardsson","Obbola IK","Period3","Otillåten trängning",2,"Obbola IK - Vindelns IF","Manuel Garzon","Christoffer Lind","Manuel Garzon, Christoffer Lind"
"383",383,"Utvisning","15:35",NA,"Wilma Näslund","Vindelns IF","Period3","Otillåten trängning",2,"Vindelns IF - NA","Marcus Gabrielsson","Joni Güzel","Marcus Gabrielsson, Joni Güzel"
"384",384,"Utvisning","04:16",NA,"Elin Bernhardsson","Obbola IK","Period2","Slag",2,"Täfteå IK /Sävar IK - Obbola IK","Julia Fältén","Alvina Mukkala","Julia Fältén, Alvina Mukkala"
"385",385,"Utvisning","09:12",NA,"","","Period2","Straff",2,"Täfteå IK /Sävar IK - Obbola IK","Julia Fältén","Alvina Mukkala","Julia Fältén, Alvina Mukkala"
"386",386,"Utvisning","18:21",NA,"Elsa Lindgren","Obbola IK","Period2","Felaktigt avstånd",2,"Täfteå IK /Sävar IK - Obbola IK","Julia Fältén","Alvina Mukkala","Julia Fältén, Alvina Mukkala"
"387",387,"Utvisning","00:28",NA,"Elin Bernhardsson","Obbola IK","Period3","För många spelare på plan",2,"Täfteå IK /Sävar IK - Obbola IK","Julia Fältén","Alvina Mukkala","Julia Fältén, Alvina Mukkala"
"388",388,"Utvisning","09:15",NA,"Emelie Olofsson","Täfteå IK /Sävar IK","Period3","Otillåten trängning",2,"Täfteå IK /Sävar IK - Obbola IK","Julia Fältén","Alvina Mukkala","Julia Fältén, Alvina Mukkala"
"389",389,"Utvisning","16:46",NA,"Matilda Valtersson","Obbola IK","Period3","Otillåten trängning",2,"Täfteå IK /Sävar IK - Obbola IK","Julia Fältén","Alvina Mukkala","Julia Fältén, Alvina Mukkala"
"390",390,"Utvisning","18:48",NA,"Elin Bernhardsson","Obbola IK","Period3","Slag",2,"Täfteå IK /Sävar IK - Obbola IK","Julia Fältén","Alvina Mukkala","Julia Fältén, Alvina Mukkala"
"391",391,"Utvisning","18:48",NA,"Elin Bernhardsson","Obbola IK","Period3","Osportsligt uppträdande",12,"Täfteå IK /Sävar IK - Obbola IK","Julia Fältén","Alvina Mukkala","Julia Fältén, Alvina Mukkala"
"392",392,"Utvisning","04:21",NA,"Elsa Bergström","Röbäcks IF","Period3","Straff pga betr av målvaktsområde",2,"Röbäcks IF - Spöland Vännäs IF","Manuel Garzon","Rasmus Säfvenberg","Manuel Garzon, Rasmus Säfvenberg"
"393",393,"Utvisning","12:09",NA,"Petra Hennström","Spöland Vännäs IF","Period3","Slag",2,"Röbäcks IF - Spöland Vännäs IF","Manuel Garzon","Rasmus Säfvenberg","Manuel Garzon, Rasmus Säfvenberg"
"394",394,"Utvisning","16:27",NA,"Klara-Marie Laggar","Spöland Vännäs IF","Period1","Slag",2,"Spöland Vännäs IF - Täfteå IK /Sävar IK","Kim Fallbjörk","Rasmus Säfvenberg","Kim Fallbjörk, Rasmus Säfvenberg"
"395",395,"Utvisning","08:02",NA,"Frida Nilsson-Wihlbäck","Täfteå IK /Sävar IK","Period2","Slag",2,"Spöland Vännäs IF - Täfteå IK /Sävar IK","Kim Fallbjörk","Rasmus Säfvenberg","Kim Fallbjörk, Rasmus Säfvenberg"
"396",396,"Utvisning","16:27",NA,"Ellen Johansson","Spöland Vännäs IF","Period2","Otillåten trängning",2,"Spöland Vännäs IF - Täfteå IK /Sävar IK","Kim Fallbjörk","Rasmus Säfvenberg","Kim Fallbjörk, Rasmus Säfvenberg"
"397",397,"Utvisning","18:35",NA,"Emilia Claesson","Spöland Vännäs IF","Period2","För många spelare på plan",2,"Spöland Vännäs IF - Täfteå IK /Sävar IK","Kim Fallbjörk","Rasmus Säfvenberg","Kim Fallbjörk, Rasmus Säfvenberg"
"398",398,"Utvisning","19:23",NA,"Alva Granqvist","Spöland Vännäs IF","Period3","Lyftning av klubba",2,"Spöland Vännäs IF - Täfteå IK /Sävar IK","Kim Fallbjörk","Rasmus Säfvenberg","Kim Fallbjörk, Rasmus Säfvenberg"
"399",399,"Utvisning","10:38",NA,"Ida Ronnling","Röbäcks IF","Period1","Obstruktion",2,"Obbola IK - Röbäcks IF","Alvina Mukkala","Louise Ramebäck","Alvina Mukkala, Louise Ramebäck"
"400",400,"Utvisning","01:41",NA,"Tuva Åhs","Obbola IK","Period3","Slag",2,"Obbola IK - Röbäcks IF","Alvina Mukkala","Louise Ramebäck","Alvina Mukkala, Louise Ramebäck"
"401",401,"Utvisning","06:49",NA,"Edith Wallin","Röbäcks IF","Period3","Slag",2,"Obbola IK - Röbäcks IF","Alvina Mukkala","Louise Ramebäck","Alvina Mukkala, Louise Ramebäck"
"402",402,"Utvisning","10:50",NA,"Wilma Rönnbäck","Obbola IK","Period3","Obstruktion",2,"Obbola IK - Röbäcks IF","Alvina Mukkala","Louise Ramebäck","Alvina Mukkala, Louise Ramebäck"
"403",403,"Utvisning","19:57",NA,"Elin Bernhardsson","Obbola IK","Period3","Slag",2,"Obbola IK - Röbäcks IF","Alvina Mukkala","Louise Ramebäck","Alvina Mukkala, Louise Ramebäck"
